rcid,company,factset_entity_id,clean_company,Matched_Excel_Company_ID,Best_Match_Company_Name
568988,"Wolfspeed, Inc.",0010YB-E,wolfspeed,,
88757,"C3.ai, Inc.",07W7MZ-E,c3ai,IQ24249083,c3ai
127582,Luminex Corp.,002SFF-E,luminex,IQ411496,luminex
22142783,"Walmart, Inc.",000YMS-E,walmart,IQ313055,walmart
1263833,"Cerence, Inc.",0LCVZ7-E,cerence,IQ634127183,cerence
896391,"Digi International, Inc.",000HKB-E,digi international,IQ266694,digi international
288789,"Airgain, Inc.",007H7D-E,airgain,IQ10460385,airgain
1179262,"PowerFleet, Inc.",0L11RW-E,powerfleet,IQ238361,powerfleet
22264555,"Leslie's, Inc.",0MY33Y-E,leslies,IQ691092297,leslies
1489790,General Electric Co.,000KYG-E,general electric,IQ177031,general electric
938330,Nucor Corp.,000RHT-E,nucor,IQ184945,nucor
1223555,NVIDIA Corp.,00208X-E,nvidia,IQ32307,nvidia
1343514,QuickLogic Corp.,001PRG-E,quicklogic,IQ33535,quicklogic
100034,"Dolby Laboratories, Inc.",05MHNR-E,dolby laboratories,IQ1560395,dolby laboratories
65304,"Akebia Therapeutics, Inc.",06TNW4-E,akebia therapeutics,IQ36644983,akebia therapeutics
811891,Aptiv Plc,00D7D5-E,aptiv,IQ675848,aptis
406145,"Barnes & Noble Education, Inc.",0FCHZZ-E,barnes & noble education,IQ286180590,barnes & noble education
739474,Polaris Inc.,000TJP-E,polaris,IQ297441,polaris
459137,"Sarepta Therapeutics, Inc.",001H2N-E,sarepta therapeutics,IQ362584,sarepta therapeutics
421461,"Allogene Therapeutics, Inc.",0JBQJ2-E,allogene therapeutics,IQ558022022,allogene therapeutics
20930420,"Boot Barn Holdings, Inc.",00G5WJ-E,boot barn,IQ266797777,boot barn
315319,Columbus McKinnon Corp.,0018KH-E,columbus mckinnon,IQ346334,columbus mckinnon
21007446,"American Airlines Group, Inc.",0D665Z-E,american airlines group,IQ168569,american airlines group
8084780,Trinseo Plc,0PGNXM-E,trinseo,IQ61690445,trinseo sa
538792,"Quest Diagnostics, Inc.",001CGF-E,quest diagnostics,IQ361335,quest diagnostics incorporated
22224662,Elastic NV,0CV6B3-E,elastic nv,IQ224101504,elastic nv
711799,"AVITA Medical, Inc.",0MHZQ9-E,avita medical,IQ4481298,avita medical
275866,"Eventbrite, Inc.",07QB1V-E,eventbrite,IQ45534830,eventbrite
1178236,Ensono LLC,0015GD-E,ensono,IQ121841,entomo
1177999,"WideOpenWest, Inc.",0D4PZD-E,wideopenwest,IQ369346816,wideopenwest
517893,Perrigo Co. Plc,0D8QKN-E,perrigo,IQ319092,perrigo
904642,"Rent-A-Center, Inc.",00316P-E,rent-a-center,IQ33765,rent-a-center
20926630,"BlueLinx Holdings, Inc.",006BWV-E,bluelinx,IQ10004802,bluelinx
22142030,"American International Group, Inc.",000BZV-E,american international group,IQ250388,american international group
5257,Creative Technology Ltd.,0011LN-E,creative technology,IQ27167,creative technology
102732,"Cutera, Inc.",003H81-E,cutera,IQ99457,cutera
1397161,"Proofpoint, Inc.",0053KS-E,proofpoint,IQ6330458,proofpoint
71241,"Zovio, Inc.",006GD4-E,zovio,IQ20609524,zovio
22148391,"Employers Holdings, Inc.",008R5Y-E,employers,IQ30484431,employers
813537,"MRC Global, Inc.",07C7NG-E,mrc global,IQ44459271,mrc global
786030,Comcast Corp.,05LL2F-E,comcast,IQ173341,comcast
817854,"PDL BioPharma, Inc.",06C5B2-E,pdl biopharma,IQ321244,pdl biopharma
20952345,"Cinemark Holdings, Inc.",06KYVP-E,cinemark,IQ32389646,cinemark
1052785,"LeMaitre Vascular, Inc.",004G1T-E,lemaitre vascular,IQ2567538,lemaitre vascular
882066,Quanex Building Products Corp.,009X9C-E,quanex building products,IQ40084670,quanex building products
248417,Kimberly-Clark Corp.,000NVS-E,kimberly-clark,IQ283857,kimberly-clark
383416,"Take-Two Interactive Software, Inc.",001Q09-E,take-two interactive software,IQ371281,take-two interactive software
449435,U.S. Bancorp,001R78-E,us bancorp,IQ305304,us bancorp
22243082,"Avantor, Inc.",0GKBXK-E,avantor,IQ403055588,avantor
705146,"Supernus Pharmaceuticals, Inc.",06C8FT-E,supernus pharmaceuticals,IQ422832,supernus pharmaceuticals
929748,"Arlo Technologies, Inc.",0J04DL-E,arlo technologies,IQ571928689,arlo technologies
1089316,"Cornerstone OnDemand, Inc.",003KH5-E,cornerstone ondemand,IQ520217,cornerstone ondemand
447852,"Daktronics, Inc.",001C9Z-E,daktronics,IQ330862,daktronics
95046,"Sonoma Pharmaceuticals, Inc.",005TVW-E,sonoma pharmaceuticals,IQ8652169,sonoma pharmaceuticals
22250515,Northwest Natural Holding Co.,0J62CK-E,northwest natural holding,IQ292047,northwest natural holding
735474,"Frontdoor, Inc.",0JV65B-E,frontdoor,IQ576104379,frontdoor
22150786,"GoDaddy, Inc.",00G546-E,godaddy,IQ265777695,godaddy
409938,TD SYNNEX Corp.,05M0BF-E,td synnex,IQ419781,synnex
360822,"Seacor Marine Holdings, Inc.",0G7VWX-E,seacor marine,IQ318154367,seacor marine
1474903,"DaVita, Inc.",0015RG-E,davita,IQ35644,davita
642928,"Macy's, Inc.",000JHP-E,macys,IQ318091,macys
688977,"Kirkland's, Inc.",0022BW-E,kirklands,IQ30558,kirklands
347418,CyberArk Software Ltd.,07731L-E,cyberark software,IQ64782764,cyberark software
949694,"Computer Task Group, Inc.",000F2Q-E,computer task group,IQ263171,computer task group incorporated
154422,"Integrity Media, Inc.",001B9Y-E,integrity media,IQ205305,integrity media
1235260,Deere & Co.,000FMM-E,deere &,IQ266112,deere &
260743,"Celldex Therapeutics, Inc.",07F401-E,celldex therapeutics,IQ9620565,celldex therapeutics
208520,Bank of Montreal,000CKX-E,bank of montreal,IQ19053,bank of montreal
53598,"Novavax, Inc.",001715-E,novavax,IQ350381,novavax
37526,"Oak Street Health, Inc.",00F82C-E,oak street health,IQ225323712,oak street health
75892,"AIM ImmunoTech, Inc.",0014KP-E,aim immunotech,IQ97799,aim immunotech
953100,"Neurocrine Biosciences, Inc.",0013YM-E,neurocrine biosciences,IQ32073,neurocrine biosciences
66267,"SIGA Technologies, Inc.",001M2B-E,siga technologies,IQ370941,siga technologies
929633,"Groupon, Inc.",0736TJ-E,groupon,IQ82311805,groupon
611818,"VBI Vaccines, Inc.",0G7LD3-E,vbi vaccines,IQ289036322,vbi vaccines
22263667,"Unity Software, Inc.",0MRG1B-E,unity software,IQ241908542,unity software
987431,"Build-A-Bear Workshop, Inc.",0068QT-E,build-a-bear workshop,IQ122203,build-a-bear workshop
1093338,"Upwork, Inc.",0F07DJ-E,upwork,IQ425007667,upwork
929356,"Gaia, Inc.",002L2R-E,gaia,IQ213968,gaia
382011,"Urban Outfitters, Inc.",000Y6D-E,urban outfitters,IQ330706,urban outfitters
218708,"Cable One, Inc.",05RPMV-E,cable one,IQ679139,cable one
1361481,"Asbury Automotive Group, Inc.",003BQ1-E,asbury automotive group,IQ25109,asbury automotive group
121843,"Nelnet, Inc.",004WJ2-E,nelnet,IQ4279195,nelnet
21012406,Medtronic Plc,0DRH2W-E,medtronic,IQ31348,medtronic
892139,"Pegasystems, Inc.",0015K9-E,pegasystems,IQ350216,pegasystems
1389298,"Rocky Brands, Inc.",0014S9-E,rocky brands,IQ322807,rocky brands
709340,Century Aluminum Co.,0013M0-E,century aluminum,IQ356264,century aluminum
22178039,"Philip Morris International, Inc.",072GKL-E,philip morris international,IQ6569181,philip morris international
515046,iRobot Corp.,006MGK-E,irobot,IQ544315,irobot
1360394,"Lakeland Industries, Inc.",000NYW-E,lakeland industries,IQ283893,lakeland industries
20965286,Atlanticus Holdings Corp.,07X89T-E,atlanticus,IQ400461,atlanticus
810068,Enovis Corp.,0025Z9-E,enovis,,
441431,Molson Coors Beverage Co.,006W68-E,molson coors beverage,IQ263765,molson coors beverage
635563,Chevron Corp.,000DP6-E,chevron,IQ98506,chevron
1462881,"ACADIA Pharmaceuticals, Inc.",0033SF-E,acadia pharmaceuticals,IQ683713,acadia pharmaceuticals
304050,"Orgenesis, Inc.",00BYTX-E,orgenesis,IQ54616608,orgenesis
1305690,"ConforMIS, Inc.",006GY5-E,conformis,IQ22001832,conformis
532444,Edwards Lifesciences Corp.,002Q6V-E,edwards lifesciences,IQ411220,edwards lifesciences
153413,"Reliv' International, Inc.",0013ZH-E,reliv international,IQ342310,reliv international
1367292,"Williams-Sonoma, Inc.",000YWZ-E,williams-sonoma,IQ314400,williams-sonoma
279872,McKesson Corp.,000PM1-E,mckesson,IQ288195,mckesson
1420415,"Cracker Barrel Old Country Store, Inc.",07HRY8-E,cracker barrel old country store,IQ264897,cracker barrel old country store
1240147,"Astec Industries, Inc.",000CCG-E,astec industries,IQ251951,astec industries
1335800,"Sprout Social, Inc.",09R39L-E,sprout social,IQ105773546,sprout social
512243,"Jack in the Box, Inc.",002Q2Z-E,jack in the box,IQ316829,jack in the box
293054,Ball Corp.,000CJY-E,ball,IQ170352,ball
148846,The J. M. Smucker Co.,000WMS-E,the j m smucker,IQ303591,the j m smucker
997908,"Itron, Inc.",0011NL-E,itron,IQ30323,itron
1009716,Cedar Fair LP,000DGT-E,cedar fair lp,IQ96760,cedar fair lp
870909,"Green Brick Partners, Inc.",008V3T-E,green brick partners,IQ142898861,green brick partners
63513,"Cheesecake Factory, Inc.",00152X-E,cheesecake factory,IQ319496,the cheesecake factory incorporated
564731,"Jack Henry & Associates, Inc.",000LMZ-E,jack henry & associates,IQ277617,jack henry & associates
753877,"VeriSign, Inc.",001VHN-E,verisign,IQ36216,verisign
982102,"Heartland Financial USA, Inc.",0014KM-E,heartland financial usa,IQ528408,heartland financial usa
835057,"Personalis, Inc.",00DD8T-E,personalis,IQ139360745,personalis
471501,"Best Buy Co., Inc.",000CSN-E,best buy,IQ255397,best buy
1128570,Plexus Corp.,000THT-E,plexus,IQ102348,plexus
350837,Lindsay Corp.,000P6Q-E,lindsay,IQ285016,lindsay
776659,Cabot Corp.,000D61-E,cabot,IQ172131,cabot
195887,Check Point Software Technologies Ltd.,001K11-E,check point software technologies,IQ26399,check point software technologies
676468,"Evergy, Inc.",0H67KD-E,evergy,IQ283024,evergy
734388,"Brighthouse Financial, Inc.",0GKYGX-E,brighthouse financial,IQ379475737,brighthouse financial
932173,"Bel Fuse, Inc.",000CQ1-E,bel fuse,IQ254235,bel fuse
22141982,Abbott Laboratories,000BG2-E,abbott laboratories,IQ247483,abbott laboratories
1322313,"Root, Inc.",0FF61L-E,root,IQ638035157,root
1311350,Intel Corp.,000N01-E,intel,IQ21127,intel
291535,"Omnicom Group, Inc.",000SVP-E,omnicom group,IQ96161,omnicom group
282642,"Resources Connection, Inc.",003129-E,resources connection,IQ97493,resources connection
1191500,Wells Fargo & Co.,000RGR-E,wells fargo &,IQ292891,wells fargo &
20946352,"LL Flooring Holdings, Inc.",062R1V-E,ll flooring,IQ51835282,moore flooring
1017034,CVS Health Corp.,001HHK-E,cvs health,IQ93625,cvs health
1000539,International Paper Co.,000N29-E,international paper,IQ61036,international paper
893202,CEL-SCI Corp.,0012QB-E,cel-sci,IQ258746,cel-sci
1415839,Psychemedics Corp.,000V1M-E,psychemedics,IQ298401,psychemedics
1400269,"MetLife, Inc.",002PV7-E,metlife,IQ185648,metlife
1022248,Avery Dennison Corp.,000CGC-E,avery dennison,IQ252978,avery dennison
960049,"Viavi Solutions, Inc.",002KXQ-E,viavi solutions,IQ96079,viavi solutions
22147976,"Alphatec Holdings, Inc.",007Y80-E,alphatec,IQ21766771,alphatec
442731,"Charter Communications, Inc.",068SR5-E,charter communications,IQ19609,charter communications
1052963,"Turning Point Brands, Inc.",005W2Y-E,turning point brands,IQ10004497,turning point brands
1031573,"Kontoor Brands, Inc.",0KRVR1-E,kontoor brands,IQ577318955,kontoor brands
73989,"AMETEK, Inc.",000C32-E,ametek,IQ31860,ametek
22143574,"Boston Beer Co., Inc.",001CBK-E,boston beer,IQ339946,the boston beer
1035416,Valley National Bancorp,000Y8X-E,valley national bancorp,IQ311514,valley national bancorp
381467,Nova Ltd.,003575-E,nova,IQ59740794,enova
71126,"Chimerix, Inc.",004SBT-E,chimerix,IQ3280635,chimerix
1359028,Compugen Ltd.,00356F-E,compugen,IQ166115,compugen
1443159,"Comstock, Inc.",0036CJ-E,comstock,,
475155,Haemonetics Corp.,001733-E,haemonetics,IQ94613,haemonetics
1292986,"Zuora, Inc.",009XCW-E,zuora,IQ40383930,zuora
628187,"One Stop Systems, Inc.",0646Y1-E,one stop systems,IQ9899063,one stop systems
952591,"CMTSU Liquidation, Inc.",0011LH-E,cmtsu liquidation,IQ329062,cmtsu liquidation
1238939,"Church & Dwight Co., Inc.",000DQG-E,church & dwight,IQ261105,church & dwight
21022694,"Herc Holdings, Inc.",0GCPCS-E,herc,IQ320141334,herc
642206,ArcBest Corp.,000C9D-E,arcbest,IQ25063,arcbest
22256419,"Aterian, Inc.",0KYRFG-E,aterian,IQ378817337,aterian
600328,"Tyson Foods, Inc.",000XZR-E,tyson foods,IQ190636,tyson foods
562419,"Energizer Holdings, Inc.",00GLK2-E,energizer,IQ262857074,energizer
1155737,IMAX Corp.,001H76-E,imax,IQ29780,imax
186261,Deckers Outdoor Corp.,0014G8-E,deckers outdoor,IQ327333,deckers outdoor
682364,"The Children's Place, Inc.",001QX0-E,the childrens place,IQ35335,the childrens place
30961,LifeVantage Corp.,001611-E,lifevantage,IQ3188823,lifevantage
180932,"Stanley Black & Decker, Inc.",088S35-E,stanley black & decker,IQ304977,stanley black & decker
675968,"Hasbro, Inc.",000LJT-E,hasbro,IQ277746,hasbro
512590,"Illinois Tool Works, Inc.",000M15-E,illinois tool works,IQ280561,illinois tool works
364664,Meritage Homes Corp.,001GPX-E,meritage homes,IQ178296,meritage homes
22142390,International Business Machines Corp.,000N1N-E,international business machines,IQ112350,international business machines
545994,Clean Energy Fuels Corp.,008LTG-E,clean energy fuels,IQ1543272,clean energy fuels
160591,"Acer Therapeutics, Inc.",0HFQ50-E,acer therapeutics,IQ254831560,acer therapeutics
331159,"Insperity, Inc.",001DBB-E,insperity,IQ24320,insperity
154145,"Aware, Inc. (Massachusetts)",00180M-E,aware,IQ348808,aware
1395870,"Global Water Resources, Inc.",00B72K-E,global water resources,IQ114656494,gwr global water resources
1149276,Brown-Forman Corp.,000D2K-E,brown-forman,IQ256839,brown-forman
932371,"Cadence Design Systems, Inc.",000D69-E,cadence design systems,IQ25941,cadence design systems
855622,Astrotech Corp.,0011C9-E,astrotech,IQ34592,astrotech
800618,"Avnet, Inc.",000CGH-E,avnet,IQ253018,avnet
212624,"Covetrus, Inc.",0JLSZJ-E,covetrus,IQ595071570,covetrus
700260,"Bottomline Technologies, Inc.",0028JG-E,bottomline technologies,IQ397072,bottomline technologies
471430,"Conduent, Inc.",0GCKSW-E,conduent,,
381043,"Asana, Inc.",08BFN8-E,asana,IQ81838153,asana
1318947,"Krispy Kreme, Inc.",06HXY9-E,krispy kreme,IQ411254,krispy kreme doughnuts
22144166,"Carter's, Inc.",002260-E,carters,IQ3004786,carters
607865,"Stride, Inc.",007TQY-E,stride,IQ4973712,stride
651754,"NETGEAR, Inc.",00317Y-E,netgear,IQ166754,netgear
1108805,"Biora Therapeutics, Inc.",0DTJ18-E,biora therapeutics,IQ683328925,vera therapeutics
799,"Sumo Logic, Inc.",0BW6ZR-E,sumo logic,IQ113903614,sumo logic
1141065,Cintas Corp.,000DRP-E,cintas,IQ260725,cintas
298838,"JAKKS Pacific, Inc.",00173D-E,jakks pacific,IQ371382,jakks pacific
218642,"The Descartes Systems Group, Inc.",002ZH3-E,the descartes systems group,IQ35352,the descartes systems group
21046367,"Petco Health & Wellness Company, Inc.",0N5VG5-E,petco health & wellness,IQ696961387,petco health and wellness
1096494,"Micron Technology, Inc.",000PZY-E,micron technology,IQ289030,micron technology
1233064,"United Natural Foods, Inc.",001BYF-E,united natural foods,IQ365303,united natural foods
688100,"Globalstar, Inc.",008GDZ-E,globalstar,IQ1611542,globalstar
341072,Masimo Corp.,001DY1-E,masimo,IQ31167,masimo
851738,Northrop Grumman Corp.,0034R9-E,northrop grumman,IQ97199,northrop grumman
1437038,Royal Caribbean Group,001JWC-E,royal caribbean group,IQ325643,royal caribbean group
22142055,"AptarGroup, Inc.",000C80-E,aptargroup,IQ326230,aptargroup
1013753,"United Rentals, Inc.",0025FY-E,united rentals,IQ36005,united rentals
255680,Bruker Corp.,002X70-E,bruker,IQ527317,bruker
771437,"AutoZone, Inc.",0011SR-E,autozone,IQ25307,autozone
22144432,"Fresh Del Monte Produce, Inc.",002BMT-E,fresh del monte produce,IQ368607,fresh del monte produce
652578,"TechTarget, Inc.",005YPB-E,techtarget,IQ681443,techtarget
613374,"Booking Holdings, Inc.",0029GL-E,booking,IQ33254,booking
20928402,American Water,009KX0-E,american water,IQ250885,american water works
832829,"LSI Industries, Inc.",000P9R-E,lsi industries,IQ283721,lsi industries
1440281,"Fate Therapeutics, Inc.",070JFC-E,fate therapeutics,IQ39268712,fate therapeutics
519135,"Aquestive Therapeutics, Inc.",00988N-E,aquestive therapeutics,IQ8142504,aquestive therapeutics
154670,"Synopsys, Inc.",000X5K-E,synopsys,IQ35028,synopsys
795059,"Under Armour, Inc.",067DXX-E,under armour,IQ8740684,under armour
20930457,"Zillow Group, Inc.",00GB72-E,zillow group,IQ20523038,zillow group
22255782,Xerox Holdings Corp.,0KQSGV-E,xerox,IQ103599,xerox
101069,"Health Catalyst, Inc.",0CHDN2-E,health catalyst,IQ118171469,health catalyst
22142476,3M (Schweiz) GmbH,000Q29-E,3m gmbh,,
22142436,"The Manitowoc Co., Inc.",000PF5-E,the manitowoc,IQ286163,the manitowoc
1006006,"Chipotle Mexican Grill, Inc.",005RBG-E,chipotle mexican grill,IQ26446,chipotle mexican grill
1384163,"Amneal Pharmaceuticals, Inc.",0HNM9J-E,amneal pharmaceuticals,IQ38444119,amneal pharmaceuticals
1142315,"SelectQuote, Inc.",062FGK-E,selectquote,IQ431836784,selectquote
965023,VolitionRX Ltd.,0C3W4B-E,volitionrx,IQ113678246,volitionrx
614617,"Advance Auto Parts, Inc.",003CZW-E,advance auto parts,IQ24333,advance auto parts
984437,"Athenex, Inc.",00695P-E,athenex,IQ23828956,athenex
50160,Ultralife Corp.,000Y0Q-E,ultralife,IQ322457,ultralife
1167052,Kellogg Co.,000NH1-E,kellogg,IQ283356,kellogg
356691,"Amyris, Inc.",008CMY-E,amyris,IQ27742428,amyris
22142740,TrustCo Bank Corp. NY,000XY7-E,trustco bank ny,IQ309510,trustco bank ny
1433807,"Principal Financial Group, Inc.",001K97-E,principal financial group,IQ201105,principal financial group
441320,"Staples, Inc.",000WVZ-E,staples,IQ34740,staples
1432740,nVent Electric Plc,0HKMQP-E,nvent electric,IQ542155250,nvent electric
626759,"QUALCOMM, Inc.",000V67-E,qualcomm,,
1080000,"GlycoMimetics, Inc.",062RZ9-E,glycomimetics,IQ5703481,glycomimetics
292477,"Conifer Holdings, Inc.",00CTFV-E,conifer,IQ113976574,conifer
1165512,"EMCOR Group, Inc.",000J03-E,emcor group,IQ28014,emcor group
1254690,KB Home,000NGP-E,kb home,IQ283234,kb home
830743,"Ardelyx, Inc.",07ZN4D-E,ardelyx,IQ58915635,ardelyx
943206,Apyx Medical Corp.,000C47-E,apyx medical,IQ250771,apyx medical
22143839,"Coffee Holding Co., Inc.",001NTP-E,coffee holding,IQ1002679,coffee holding
22230411,TimkenSteel Corp.,0DL4HD-E,timkensteel,IQ256837003,timkensteel
32027,"Revance Therapeutics, Inc.",008ZWN-E,revance therapeutics,IQ9344828,revance therapeutics
231481,"Medifast, Inc.",001B9K-E,medifast,IQ360876,medifast
363317,"Lyft, Inc.",07V3WZ-E,lyft,IQ58995029,lyft
1494801,Emerson Electric Co.,000J0M-E,emerson electric,IQ269231,emerson electric
185214,"RealPage, Inc.",05MFQW-E,realpage,IQ120406,realpage
1117433,Curtiss-Wright Corp.,000FG7-E,curtiss-wright,IQ265386,curtiss-wright
762166,Goodyear Tire & Rubber Co.,000L54-E,goodyear tire & rubber,IQ275789,the goodyear tire & rubber
12105,"REV Group, Inc.",0B0J0G-E,rev group,IQ113541117,rev group
22255068,"GTY Technology Holdings, Inc.",0KJ9T9-E,gty technology,IQ402863600,gty technology
358207,"HCI Group, Inc.",0099GV-E,hci group,IQ44263243,hci group
1379680,Preformed Line Products Co.,0037HD-E,preformed line products,IQ3175918,preformed line products
983784,Infinera Corp.,00694W-E,infinera,IQ2527714,infinera
53443,"NortonLifeLock, Inc.",000X58-E,nortonlifelock,IQ35000,nortonlifelock
1387559,Modine Manufacturing Co.,000Q4W-E,modine manufacturing,IQ288838,modine manufacturing
7961131,"The Travelers Cos., Inc.",000WV4-E,the travelers cos,IQ392856,the travelers companies
543448,JPMorgan Chase & Co.,0035K2-E,jpmorgan chase &,IQ658776,jpmorgan chase &
1392010,"Selective Insurance Group, Inc.",00130Z-E,selective insurance group,IQ302804,selective insurance group
20930520,"Lumentum Holdings, Inc.",00GMW7-E,lumentum,IQ272054403,lumentum
833165,"Cemtrex, Inc.",0033TL-E,cemtrex,IQ1233961,cemtrex
1212052,"Qorvo, Inc.",0DX8BF-E,qorvo,IQ33821,qorvo
370332,"ResMed, Inc.",0011QQ-E,resmed,IQ340196,resmed
250717,"iHeartMedia, Inc.",0794G2-E,iheartmedia,IQ92768,iheartmedia
654258,"Five9, Inc.",064TYD-E,five9,IQ6491418,five9
142067,"cbdMD, Inc.",0FM3GR-E,cbdmd,IQ593762098,cbdmd
355889,Pentair Plc,00DXNY-E,pentair,IQ295688,pentair
22243162,"IQVIA Holdings, Inc.",0GKVG7-E,iqvia,IQ137473239,iqvia
22148827,"Q2 Holdings, Inc.",009KPH-E,q2,IQ44263730,q2
22247866,"Harmony Biosciences Holdings, Inc.",0HH47P-E,harmony biosciences,IQ679038073,harmony biosciences
1176247,athenahealth Inc,005TLP-E,athenahealth,IQ108253,athenahealth
1300095,"Globus Medical, Inc.",005YL8-E,globus medical,IQ8793244,globus medical
999273,Portland General Electric Co.,05SWQW-E,portland general electric,IQ297526,portland general electric
734612,Jazz Pharmaceuticals Plc,0CBRZ9-E,jazz pharmaceuticals,IQ6724933,jazz pharmaceuticals
149328,"Celsius Holdings, Inc.",007S8Y-E,celsius,IQ32343826,celsius
651830,The Middleby Corp.,000Q0V-E,the middleby,IQ289062,the middleby
927829,"FlexShopper, Inc.",00972K-E,flexshopper,IQ34107378,flexshopper
389543,"Arbor Realty Trust, Inc.",004S84-E,arbor realty trust,IQ6207506,arbor realty trust
385675,Ralph Lauren Corp.,001MY1-E,ralph lauren,IQ362220,ralph lauren
763902,Reliance Steel & Aluminum Co.,0019QP-E,reliance steel & aluminum,IQ331205,reliance steel & aluminum
1058616,The Coca-Cola Co.,000DWY-E,the coca-cola,IQ26642,the coca-cola
794052,"Armstrong World Industries, Inc.",000C9Q-E,armstrong world industries,IQ3023697,armstrong world industries
434721,"USANA Health Sciences, Inc.",0015SQ-E,usana health sciences,IQ367118,usana health sciences
1167604,The AES Corp.,0013FQ-E,the aes,IQ35312,the aes
302157,"Rocket Pharmaceuticals, Inc.",0HVK3K-E,rocket pharmaceuticals,IQ427906624,rocket pharmaceuticals
22266659,"ChargePoint Holdings, Inc.",0NDD6P-E,chargepoint,IQ51174327,chargepoint
454261,"Motorcar Parts of America, Inc.",0010DM-E,motorcar parts of america,IQ340577,motorcar parts of america
502654,"Extreme Networks, Inc.",002BMR-E,extreme networks,IQ28374,extreme networks
1247736,"BioMarin Pharmaceutical, Inc.",002GTF-E,biomarin pharmaceutical,IQ25605,biomarin pharmaceutical
1359692,"Amazon.com, Inc.",001MF1-E,amazoncom,IQ18749,amazoncom
906797,"Amgen, Inc.",000C35-E,amgen,IQ24816,amgen
22239946,"Zions Bancorporation, NA",0G2DJ3-E,zions bancorporation na,IQ315476,zions bancorporation national association
243649,"PulteGroup, Inc.",000V2H-E,pultegroup,IQ294550,pultegroup
1291760,"Atossa Therapeutics, Inc.",00CHS1-E,atossa therapeutics,IQ100256926,atossa therapeutics
1206531,"Nature's Sunshine Products, Inc.",000R4B-E,natures sunshine products,IQ290703,natures sunshine products
831884,"Shoe Carnival, Inc.",000WFD-E,shoe carnival,IQ324135,shoe carnival
534729,"Baxter International, Inc.",000CNJ-E,baxter international,IQ254571,baxter international
628216,"Tabula Rasa Healthcare, Inc.",0FZVXR-E,tabula rasa healthcare,IQ280866057,tabula rasa healthcare
359449,Eli Lilly & Co.,000P56-E,eli lilly &,IQ285467,eli lilly and
22248482,Jamf Holding Corp.,0HMD2R-E,jamf holding,IQ543630982,jamf holding
963081,"Thor Industries, Inc.",000XQB-E,thor industries,IQ308299,thor industries
907610,Adaptive Biotechnologies Corp.,0DMSKV-E,adaptive biotechnologies,IQ100147173,adaptive biotechnologies
1468159,Sabre Corp.,09LDT7-E,sabre,IQ254517933,sabre
22149981,"Floor & Decor Holdings, Inc.",00CXPW-E,floor & decor,IQ270357747,floor & decor
22142041,American Vanguard Corp.,000C28-E,american vanguard,IQ250532,american vanguard
1370175,"Analog Devices, Inc.",000C4B-E,analog devices,IQ251411,analog devices
67675,"Zimmer Biomet Holdings, Inc.",0036P0-E,zimmer biomet,IQ264048,zimmer biomet
1236002,"Power Integrations, Inc.",001SBH-E,power integrations,IQ33163,power integrations
433379,Duke Energy Corp.,06F9DV-E,duke energy,IQ267850,duke energy
213410,"Remark Holdings, Inc.",009345-E,remark,IQ30741328,remark
478711,"CareCloud, Inc.",06NJVF-E,carecloud,IQ7828151,carecloud
1208331,"Box, Inc.",008K6T-E,box,IQ23245928,box
20957087,"Mastercraft Boat Holdings, Inc.",06Y1LP-E,mastercraft boat,IQ214080574,mastercraft boat
996015,CTS Corp.,000FFH-E,cts,IQ258010,cts
864694,"Electronic Arts, Inc.",000HZ5-E,electronic arts,IQ27963,electronic arts
941029,"FormFactor, Inc.",003KND-E,formfactor,IQ28648,formfactor
600323,"NovaBay Pharmaceuticals, Inc.",0090SN-E,novabay pharmaceuticals,IQ32625201,novabay pharmaceuticals
975721,AppLovin Corp.,0DY159-E,applovin,IQ231651802,applovin
654362,"Infinity Pharmaceuticals, Inc.",05X0X5-E,infinity pharmaceuticals,IQ1208927,infinity pharmaceuticals
1345140,"Biodesix, Inc.",00BBVP-E,biodesix,IQ36508169,biodesix
1454162,"Endurance International Group Holdings, Inc.",07FNZD-E,endurance international group,,
1524533,"Cars.com, Inc.",0GJ20X-E,carscom,IQ7612672,carscom
1112205,"Universal Electronics, Inc.",000Y5V-E,universal electronics,IQ36038,universal electronics
472640,Oracle Corp.,000SY8-E,oracle,IQ22247,oracle
1390353,"FARO Technologies, Inc.",001R9J-E,faro technologies,IQ365602,faro technologies
1326670,EMCORE Corp.,001G3Z-E,emcore,IQ28015,emcore
1008117,NCR Corp.,001CKB-E,ncr,IQ169308,ncr
22142077,"Applied Industrial Technologies, Inc.",000CPM-E,applied industrial technologies,IQ254679,applied industrial technologies
380984,"Rhythm Pharmaceuticals, Inc.",00FMDK-E,rhythm pharmaceuticals,IQ309184792,rhythm pharmaceuticals
732675,"Advanced Drainage Systems, Inc.",062SK6-E,advanced drainage systems,IQ24355,advanced drainage systems
1442074,"OneSpan, Inc.",001SDK-E,onespan,IQ385488,onespan
647711,Denny's Corp.,003G45-E,dennys,IQ28565,dennys
31453,"LightPath Technologies, Inc.",0016B6-E,lightpath technologies,IQ351646,lightpath technologies
1123738,"Axcelis Technologies, Inc.",002XS0-E,axcelis technologies,IQ416350,axcelis technologies
1445985,"Hudson Global, Inc.",0046GC-E,hudson global,IQ4863435,hudson global
1348064,"Interpublic Group of Cos., Inc.",000N2T-E,interpublic group of cos,IQ108616,the interpublic group of companies
927555,Data I/O Corp.,000FJ4-E,data io,IQ27369,data io
379,"Tactile Systems Technology, Inc.",0068L2-E,tactile systems technology,IQ6233509,tactile systems technology
1339131,"OncoSec Medical, Inc.",00BG5W-E,oncosec medical,IQ47899619,oncosec medical incorporated
683149,"Collegium Pharmaceutical, Inc.",00772J-E,collegium pharmaceutical,IQ7490189,collegium pharmaceutical
615678,Alliant Energy Corp.,002KG0-E,alliant energy,IQ312949,alliant energy
22258387,Repay Holdings Corp.,0L7XNM-E,repay,IQ599247105,repay
697646,"InterDigital, Inc.",000N0T-E,interdigital,IQ280910,interdigital
7967251,"InfuSystem Holdings, Inc.",009QXF-E,infusystem,IQ24331721,infusystem
1050907,"Intuit, Inc.",0011HX-E,intuit,IQ21171,intuit
578860,"Sequential Brands Group, Inc.",0FP6ZJ-E,sequential brands group,IQ24950477,sequential brands group
1188053,"BJ's Restaurants, Inc.",00199X-E,bjs restaurants,IQ374469,bjs restaurants
22142290,"Franklin Electric Co., Inc.",000KQK-E,franklin electric,IQ273729,franklin electric
708822,AAR Corp.,000BFS-E,aar,IQ168154,aar
210447,"Model N, Inc.",062YCW-E,model n,IQ141189,model n
13704,"Infoblox, Inc.",004D71-E,infoblox,IQ523176,infoblox
350828,"International Flavors & Fragrances, Inc.",000N1Z-E,international flavors & fragrances,IQ281407,international flavors & fragrances
995431,"iCAD, Inc.",05JLV2-E,icad,IQ279728,icad
155638,CONMED Corp.,000F3M-E,conmed,IQ263232,conmed
603230,"Cincinnati Bell, Inc.",000DRG-E,cincinnati bell,IQ168151,cincinnati bell
1475870,"Magna International, Inc.",000PCN-E,magna international,IQ285880,magna international
1489898,"Paratek Pharmaceuticals, Inc.",0DYXH5-E,paratek pharmaceuticals,IQ1267824,paratek pharmaceuticals
800198,Korn Ferry (800198),0025XP-E,korn ferry,IQ396922,korn ferry
548312,"Harmonic, Inc.",0011N7-E,harmonic,IQ29282,harmonic
723539,"Super Micro Computer, Inc.",008MS1-E,super micro computer,IQ6479558,super micro computer
1078498,"DZS, Inc.",0G7L5S-E,dzs,IQ301213735,dzs
871779,Federal Home Loan Mortgage Corp.,001DKD-E,federal home loan mortgage,,
1214131,"La-Z-Boy, Inc.",000NYB-E,la-z-boy,,
187634,SolarWinds Corp.,0JR0YB-E,solarwinds,IQ582590913,solarwinds
267301,"Citigroup, Inc.",0027L0-E,citigroup,IQ391687,citigroup
317413,"Cellular Biomedicine Group, Inc.",0D1159-E,cellular biomedicine group,IQ224236494,cellular biomedicine group
286162,CDW Corp.,0017ZH-E,cdw,IQ332700,cdw
27608,"R1 RCM, Inc.",07MJ09-E,r1 rcm,IQ27265085,r1 rcm
1266572,"Spok Holdings, Inc.",005WVG-E,spok,IQ10622427,spok
1062201,"Keysight Technologies, Inc.",00FZYT-E,keysight technologies,IQ247017859,keysight technologies
33645,ICON plc,003535-E,icon,IQ1059868,ricon
1403326,The Chemours Co.,00GHHT-E,the chemours,IQ249061912,the chemours
673886,"Luna Innovations, Inc.",004LC9-E,luna innovations,IQ5645849,luna innovations incorporated
22176739,DallasNews Corp.,06Y3ZW-E,dallasnews,,
704326,"MAXIMUS, Inc.",001JTB-E,maximus,IQ218451,maximus
21022337,"Camping World Holdings, Inc.",0GB44Q-E,camping world,IQ249110868,camping world
840759,"Cummins, Inc.",000FFW-E,cummins,IQ265253,cummins
1129061,"Hilltop Holdings, Inc.",0052QN-E,hilltop,IQ24451,hilltop
368509,"The Shyft Group, Inc.",000WS4-E,the shyft group,IQ304778,the shyft group
751623,"Copart, Inc.",0016XZ-E,copart,IQ27023,copart
619725,"Cavco Industries, Inc.",000DG3-E,cavco industries,IQ258733,cavco industries
544394,Quanterix Corp.,009FRV-E,quanterix,IQ47689694,quanterix
273054,Lumen Ltd.,09SD1S-E,lumen,IQ30718336,luse
28366,"Good Times Restaurants, Inc.",000L4W-E,good times restaurants,IQ275719,good times restaurants
117838,"Brookdale Senior Living, Inc.",007J7M-E,brookdale senior living,IQ23500974,brookdale senior living
1274564,OrthoPediatrics Corp.,008YYJ-E,orthopediatrics,IQ36770449,orthopediatrics
194608,"Elevance Health, Inc.",060W5N-E,elevance health,,
1058510,"Calix, Inc.",063VNM-E,calix,IQ642230,calix
99142,Clearwater Paper Corp.,07HTTK-E,clearwater paper,IQ27447874,clearwater paper
663896,"Hostess Brands, Inc.",0GMR5F-E,hostess brands,IQ307072366,hostess brands
351560,"The Estée Lauder Companies, Inc.",00172R-E,the estée lauder companies,IQ207221,the estée lauder companies
436314,Unisys Corp.,000Y2H-E,unisys,IQ310310,unisys
1400574,"Cisco Systems, Inc.",000DS6-E,cisco systems,IQ19691,cisco systems
817951,Dynavax Technologies Corp.,00339Z-E,dynavax technologies,IQ423490,dynavax technologies
727432,"Reinsurance Group of America, Inc.",0011JV-E,reinsurance group of america,IQ325509,reinsurance group of america incorporated
161289,"KVH Industries, Inc. (Delaware)",00145K-E,kvh industries,IQ353460,kvh industries
738796,"Key Energy Services, Inc.",000NST-E,key energy services,IQ290873,key energy services
1374849,"Autodesk, Inc.",000CFP-E,autodesk,IQ119902,autodesk
1248511,"STRATA Skin Sciences, Inc.",006KJ5-E,strata skin sciences,IQ12437731,strata skin sciences
596227,"Actinium Pharmaceuticals, Inc.",0D3NDV-E,actinium pharmaceuticals,IQ7845787,actinium pharmaceuticals
1415152,GAN Ltd.,0M5DD6-E,gan,IQ22230315,gan
578185,Tennant Co.,000XNB-E,tennant,IQ307782,tennant
21022660,"Tenable Holdings, Inc.",0GCG40-E,tenable,IQ369965505,tenable
380780,"Builders FirstSource, Inc.",05KS47-E,builders firstsource,IQ34817,builders firstsource
81479,"Altair Engineering, Inc.",05SJ80-E,altair engineering,IQ4787964,altair engineering
22147279,"ExlService Holdings, Inc.",006N6Y-E,exlservice,IQ843132,exlservice
1130812,Invitae Corp.,00CSRH-E,invitae,IQ222707176,invitae
185521,Flowserve Corp.,000D30-E,flowserve,IQ267555,flowserve
986459,"Coupa Software, Inc.",008XF1-E,coupa software,,
347876,L.B. Foster Co.,000KPJ-E,lb foster,IQ130863,lb foster
295170,WD-40 Co.,000YQL-E,wd-40,IQ312452,wd-40
254822,"Ryder System, Inc.",000VMV-E,ryder system,IQ33956,ryder system
739347,Target Corp.,002RXT-E,target,IQ174438,target
22251329,"Pluralsight, Inc.",0JF2TT-E,pluralsight,IQ558559575,pluralsight
22268952,Expro Group Holdings NV,0PFBPW-E,expro group nv,,
1261979,"Chico's FAS, Inc.",000DPF-E,chicos fas,IQ324430,chicos fas
1116644,"Workday, Inc.",06ZK05-E,workday,IQ23815047,workday
22224351,Axalta Coating Systems Ltd.,0CSK0C-E,axalta coating systems,IQ216313883,axalta coating systems
316548,"Pactiv Evergreen, Inc.",070J80-E,pactiv evergreen,IQ81686253,pactiv evergreen
638873,The Mosaic Co.,0BT29H-E,the mosaic,IQ890498,the mosaic
760637,"Commercial Vehicle Group, Inc.",005WNS-E,commercial vehicle group,IQ10028455,commercial vehicle group
750952,"Apollo Endosurgery, Inc.",0GR2N1-E,apollo endosurgery,IQ37790054,apollo endosurgery
1142317,"Papa John's International, Inc.",000ZLZ-E,papa johns international,IQ325388,papa johns international
22239664,Chubb Ltd.,0G0L3Q-E,chubb,IQ203028,chubb
22144517,"Newell Brands, Inc.",002FH6-E,newell brands,IQ291703,newell brands
428239,Union Pacific Corp.,000Y1Z-E,union pacific,IQ310078,union pacific
1121778,Discover Financial Services,061F6G-E,discover financial services,IQ3695566,discover financial services
232088,"Block, Inc.",08BZTM-E,block,IQ532764399,bloc
1014966,"GoPro, Inc.",0BN1G1-E,gopro,IQ113665065,gopro
458678,BSQUARE Corp.,002LXH-E,bsquare,IQ25858,bsquare
1418721,"L3Harris Technologies, Inc.",0L6CPF-E,l3harris technologies,IQ177934,l3harris technologies
660085,"SmileDirectClub, Inc.",0LCC8P-E,smiledirectclub,IQ264413492,smiledirectclub
930658,"OraSure Technologies, Inc.",002YS3-E,orasure technologies,IQ540470,orasure technologies
1072323,"Nordstrom, Inc.",000RD1-E,nordstrom,IQ32215,nordstrom
1253308,Green Dot Corp.,005Q0J-E,green dot,IQ5924972,green dot
1268269,"Guess?, Inc.",0014KB-E,guess,IQ348699,guess
1049656,"NetScout Systems, Inc.",002G9Q-E,netscout systems,IQ32039,netscout systems
1180674,PVH Corp.,000TCV-E,pvh,IQ296568,pvh
776386,Internap Holding LLC,002LBF-E,internap holding,,
1256989,"IDEXX Laboratories, Inc.",001191-E,idexx laboratories,IQ29729,idexx laboratories
22226978,Knowles Corp.,0D5GPD-E,knowles,IQ247593650,knowles
1196578,BlackBerry Ltd.,002TMH-E,blackberry,IQ399960,blackberry
22142647,Shenandoah Telecommunications Co. (Virginia),000WF1-E,shenandoah telecommunications,IQ378088,shenandoah telecommunications
474317,Blink Charging Co.,08HHKT-E,blink charging,IQ83115902,blink charging
604513,Campbell Soup Co.,000D8R-E,campbell soup,IQ258458,campbell soup
20994677,Allscripts LLC,0B0G82-E,allscripts,,
256804,"iRhythm Technologies, Inc.",008ZT3-E,irhythm technologies,IQ34159879,irhythm technologies
972768,Rogers Corp.,000VK6-E,rogers,IQ188099,rogers
357217,Lam Research Corp.,000NYZ-E,lam research,IQ30655,lam research
1233178,"Meta Platforms, Inc.",0077YX-E,meta platforms,,
7961795,"Coda Octopus Group, Inc.",00183Z-E,coda octopus group,IQ11355019,coda octopus group
1112079,"PepsiCo, Inc.",000T99-E,pepsico,IQ32854,pepsico
1010588,"AutoNation, Inc.",002FQK-E,autonation,IQ112302,autonation
954139,EnerSys,05MBY3-E,enersys,IQ617490,enersys
210592,"PCTEL, Inc.",002LJN-E,pctel,IQ404604,pctel
755313,"Penn Entertainment, Inc.",0012RS-E,penn entertainment,IQ256554006,tv4 entertainment
98643,"Netflix, Inc.",002X9M-E,netflix,IQ32012,netflix
243687,Arthur J. Gallagher & Co. (243687),000KW7-E,arthur j gallagher &,IQ252186,arthur j gallagher &
736192,"Standard Motor Products, Inc.",000WVH-E,standard motor products,IQ304714,standard motor products
1006846,Digimarc Corp.,07FWBG-E,digimarc,IQ46271970,digimarc
597372,"Overstock.com, Inc.",003Q2V-E,overstockcom,IQ675577,overstockcom
452822,New Jersey Resources Corp.,000R7G-E,new jersey resources,IQ291335,new jersey resources
1430958,"Artivion, Inc.",0010QL-E,artivion,,
289882,"Barrett Business Services, Inc.",000CM4-E,barrett business services,IQ328132,barrett business services
1300063,Perdoceo Education Corp.,001T62-E,perdoceo education,IQ377135,perdoceo education
572916,"ADMA Biologics, Inc.",008FZT-E,adma biologics,IQ51119246,adma biologics
68,Westinghouse Air Brake Technologies Corp.,0013CH-E,westinghouse air brake technologies,IQ36437,westinghouse air brake technologies
477639,"eBay, Inc.",0024V8-E,ebay,IQ27862,ebay
95472,"NightHawk Biosciences, Inc.",00C9HF-E,nighthawk biosciences,,
1006245,"Castle Biosciences, Inc.",00BJ80-E,castle biosciences,IQ60295846,castle biosciences
13284,3D Systems Corp.,0013LF-E,3d systems,IQ308402,3d systems
1344198,"Natera, Inc.",06Z8VR-E,natera,IQ27603970,natera
382575,Nikola Corp.,0M17V7-E,nikola,IQ590935798,nikola
21036982,"Bill.com Holdings, Inc.",0KX944-E,billcom,IQ37326955,billcom
1443135,"GWG Holdings, Inc.",0BVVQ6-E,gwg,IQ134273556,gwg
907994,"AtriCure, Inc.",006LDN-E,atricure,IQ901985,atricure
1074197,DURECT Corp.,002XC4-E,durect,IQ27768,durect
834368,"Inspire Medical Systems, Inc.",07PFTG-E,inspire medical systems,IQ59661803,inspire medical systems
539407,"Kaleido Biosciences, Inc.",0G2TR0-E,kaleido biosciences,IQ318321916,kaleido biosciences
49781,"Evolus, Inc.",00FCVN-E,evolus,IQ229087176,evolus
153205,"Electromed, Inc.",081P81-E,electromed,IQ104752926,electromed
923420,"Lennox International, Inc.",002FQ7-E,lennox international,IQ401541,lennox international
602406,"Marchex, Inc.",0058BT-E,marchex,IQ8163421,marchex
1065506,"Encore Capital Group, Inc.",002GQ9-E,encore capital group,IQ400829,encore capital group
122917,Laboratory Corp. of America Holdings,000NYF-E,laboratory of america,IQ30643,laboratory of america
842979,"Ultragenyx Pharmaceutical, Inc.",00D326-E,ultragenyx pharmaceutical,IQ117471985,ultragenyx pharmaceutical
1213519,"Salem Media Group, Inc.",001VWN-E,salem media group,IQ400224,salem media group
22142948,PG&E Corp.,001274-E,pg&e,IQ139813,pg&e
7596268,"AxoGen, Inc.",0C4ZMD-E,axogen,IQ20946777,axogen
91347,"Coherus BioSciences, Inc.",0CT6N9-E,coherus biosciences,IQ206928583,coherus biosciences
939738,Levi Strauss & Co.,000WZW-E,levi strauss &,IQ30773,levi strauss &
1239411,TechnipFMC Plc,0GG8BZ-E,technipfmc,IQ1342651,technipfmc
998949,Entravision Communications Corp.,002XDJ-E,entravision communications,IQ527252,entravision communications
47061,"Gap, Inc.",000KWJ-E,gap,,
172513,"Inuvo, Inc.",001DQ7-E,inuvo,IQ1049534,inuvo
1134784,"ManpowerGroup, Inc.",000PFH-E,manpowergroup,IQ320570,manpowergroup
1018715,"BioLife Solutions, Inc.",000FF0-E,biolife solutions,IQ265126,biolife solutions
1334210,Wave Systems Corp.,00115R-E,wave systems,IQ712066207,secondwave systems
13555,EchoStar Corp.,009RJM-E,echostar,IQ38893720,echostar
7883876,"Rubicon Technology, Inc.",004G2S-E,rubicon technology,IQ754447,rubicon technology
460375,"Salon Media Group, Inc.",002G60-E,salon media group,IQ90407,salon media group
942187,"AngioDynamics, Inc.",05KQF0-E,angiodynamics,IQ4803544,angiodynamics
210257,"Agenus, Inc.",002PYJ-E,agenus,IQ409956,agenus
153455,"SCYNEXIS, Inc.",05T779-E,scynexis,IQ798887,scynexis
58921,"Gigamon, Inc.",09HX34-E,gigamon,IQ214208943,gigamon
598083,Sealed Air Corp.,000VWG-E,sealed air,IQ382724,sealed air
119995,"Mirati Therapeutics, Inc.",05V1WP-E,mirati therapeutics,IQ121270,mirati therapeutics
236874,"Ubiquiti, Inc.",08DLR6-E,ubiquiti,IQ46084519,ubiquiti
1314252,"Foot Locker, Inc.",00247P-E,foot locker,IQ315394,foot locker
978282,"SINTX Technologies, Inc.",006L92-E,sintx technologies,IQ7282516,sintx technologies
468939,"NOV, Inc.",05ZN64-E,nov,IQ31900,nov
20921805,Lockheed Martin Corp.,000P7N-E,lockheed martin,IQ285827,lockheed martin
235604,Neogen Corp.,000R5B-E,neogen,IQ339683,neogen
622450,Panera Bread Co.,002JQM-E,panera bread,IQ252717,panera bread
287573,"VMware, Inc.",05WNR8-E,vmware,IQ125757,vmware
401234,"LGI Homes, Inc.",00FNSC-E,lgi homes,IQ99856262,lgi homes
1294209,A. O. Smith Corp.,000WJS-E,a o smith,IQ34456,a o smith
997118,Geospace Technologies Corp.,001SWW-E,geospace technologies,IQ374066,geospace technologies
22231454,"Elevate Credit, Inc.",0DPGZB-E,elevate credit,IQ282368058,elevate credit
618620,"Ovintiv, Inc.",0LWYF0-E,ovintiv,IQ1241057,ovintiv
867839,"Everi Holdings, Inc.",0071WY-E,everi,IQ6904040,everi
490415,"Clear Channel Outdoor Holdings, Inc.",061523-E,clear channel outdoor,IQ23499518,clear channel outdoor
913399,"2U, Inc.",00BWP8-E,2u,IQ60414516,2u
20924900,"AMN Healthcare Services, Inc.",003B3Z-E,amn healthcare services,IQ24821,amn healthcare services
1242326,"Codexis, Inc.",0068YW-E,codexis,IQ3160285,codexis
265323,"Etsy, Inc.",008HL3-E,etsy,IQ28492682,etsy
859211,JFrog Ltd.,0DDCVJ-E,jfrog,IQ212579473,jfrog
22237150,Hewlett Packard Enterprise Co.,0FM7LR-E,hewlett packard enterprise,IQ273983758,hewlett packard enterprise
1344354,"Huntington Bancshares, Inc.",000LVH-E,huntington bancshares,IQ278614,huntington bancshares incorporated
119235,PetSmart LLC,000TBR-E,petsmart,IQ32919,petsmart
1368512,"Rekor Systems, Inc.",0GV747-E,rekor systems,IQ339110510,rekor systems
1418727,"ContextLogic, Inc.",0BKTLT-E,contextlogic,IQ127912549,contextlogic
770049,"Workiva, Inc.",00BGX3-E,workiva,IQ75963230,workiva
165154,"Dorman Products, Inc.",06GFFX-E,dorman products,IQ299160,dorman products
230327,Valero Energy Corp.,000Y8N-E,valero energy,IQ311679,valero energy
239923,"Mondelez International, Inc.",002RNG-E,mondelez international,IQ739693,mondelez international
4305202,Iradimed Corporation,0C7Y7T-E,iradimed,IQ22110569,iradimed
387660,Destination Maternity Corp.,000Q8D-E,destination maternity,IQ31738,destination maternity
692801,"Snap, Inc.",0D029B-E,snap,IQ224055283,snap
20921963,Progress Software Corp.,000TSB-E,progress software,IQ33351,progress software
1301868,"Select Energy Services, Inc.",0GZN8P-E,select energy services,IQ61023831,select energy services
21010518,"Catalent, Inc.",0DK9BP-E,catalent,IQ83345566,catalent
1003992,"Strategic Education, Inc.",0JV0V2-E,strategic education,IQ361761,strategic education
22142906,"MSC Industrial Direct Co., Inc.",00119F-E,msc industrial direct,IQ108424,msc industrial direct
648564,"Mitek Systems, Inc.",000Q3R-E,mitek systems,IQ288586,mitek systems
850411,Cubic Corp.,000FFK-E,cubic,IQ265154,cubic
20928872,Booz Allen Hamilton Holding Corp.,00BFKV-E,booz allen hamilton holding,IQ160233,booz allen hamilton holding
1156951,"Shutterstock, Inc.",06C0XX-E,shutterstock,IQ23442750,shutterstock
409874,AmerisourceBergen Corp.,003894-E,amerisourcebergen,IQ24809,amerisourcebergen
620767,"ServiceNow, Inc.",008L5S-E,servicenow,IQ22967487,servicenow
705572,STAAR Surgical Co.,000WV5-E,staar surgical,IQ305046,staar surgical
418924,"Bed Bath & Beyond, Inc.",000CPT-E,bed bath & beyond,IQ321778,bed bath & beyond
21035407,"Allied Esports Entertainment, Inc.",0KFPXW-E,allied esports entertainment,IQ595648332,allied esports entertainment
75039,"Smith Micro Software, Inc.",001402-E,smith micro software,IQ350676,smith micro software
22219474,"BJ's Wholesale Club Holdings, Inc.",0C46ZQ-E,bjs wholesale club,IQ249793891,bjs wholesale club
1368552,"BioTelemetry, Inc.",00FGRT-E,biotelemetry,IQ120514,biotelemetry
426758,"Beam Therapeutics, Inc.",0JJSH9-E,beam therapeutics,IQ564610577,beam therapeutics
1230375,Issuer Direct Corp.,009VVH-E,issuer direct,IQ35386915,issuer direct
80386,IDT Corp.,0017M9-E,idt,IQ29731,idt
1517558,"Zoom Video Communications, Inc.",0CZ9TM-E,zoom video communications,IQ223236753,zoom video communications
681722,"HealthEquity, Inc.",005SRV-E,healthequity,IQ11129585,healthequity
1213097,"Vishay Intertechnology, Inc.",000YKQ-E,vishay intertechnology,IQ312427,vishay intertechnology
161743,Hooker Furnishings Corp.,002BK1-E,hooker furnishings,,
466507,"Enanta Pharmaceuticals, Inc.",062WH0-E,enanta pharmaceuticals,IQ345286,enanta pharmaceuticals
1127387,"ImmunoGen, Inc.",000M1T-E,immunogen,IQ29794,immunogen
1330164,"Identiv, Inc.",09TPP4-E,identiv,IQ34109,identiv
1070643,Marcus Corp.,000PFW-E,marcus,IQ113928601,marquis
1162732,"Airbnb, Inc.",09LZGJ-E,airbnb,IQ115705393,airbnb
1000950,Abercrombie & Fitch Co.,001BN4-E,abercrombie & fitch,IQ353867,abercrombie & fitch
980464,"Kennametal, Inc.",000NS4-E,kennametal,IQ283484,kennametal
805281,Archer-Daniels-Midland Co.,000C8L-E,archer-daniels-midland,IQ251704,archer-daniels-midland
736667,"Innospec, Inc.",06CSKX-E,innospec,IQ226057,innospec
766393,"PennyMac Financial Services, Inc.",0JVC61-E,pennymac financial services,IQ228140094,pennymac financial services
731402,"Agile Therapeutics, Inc.",005ZCY-E,agile therapeutics,IQ858721,agile therapeutics
281235,"Calithera Biosciences, Inc.",09WNFN-E,calithera biosciences,IQ109127589,calithera biosciences
505355,"Fastly, Inc.",0C8LWR-E,fastly,IQ144816347,fastly
448771,Pareteum Corp.,002WCF-E,pareteum,IQ1054902,pareteum
1087436,"Lineage Cell Therapeutics, Inc.",00135R-E,lineage cell therapeutics,IQ25622,lineage cell therapeutics
1124937,"NuVasive, Inc.",004SP8-E,nuvasive,IQ32305,nuvasive
150448,JetBlue Airways Corp.,003KSV-E,jetblue airways,IQ106437,jetblue airways
504111,"Okta, Inc.",09X9V8-E,okta,IQ109373551,okta
22257655,"Sunnova Energy International, Inc.",0L61X5-E,sunnova energy international,IQ234681245,sunnova energy international
818514,"Orion Energy Systems, Inc.",06P1VS-E,orion energy systems,IQ28544611,orion energy systems
1528845,NorthWestern Corp.,000RGN-E,northwestern,IQ184841,northwestern
943836,"The Hanover Insurance Group, Inc.",0014B9-E,the hanover insurance group,IQ340831,the hanover insurance group
740328,TE Connectivity Ltd.,05VFN0-E,te connectivity,IQ8106523,te connectivity
341070,"McCormick & Co., Inc.",000PLG-E,mccormick &,,
172733,Amphenol Corp.,000C3J-E,amphenol,IQ24827,amphenol
1037635,Starbucks Corp.,000WW4-E,starbucks,IQ34745,starbucks
982200,"B&G Foods, Inc.",060KMJ-E,b&g foods,IQ6631173,b&g foods
92840,"Global Payments, Inc.",00317L-E,global payments,IQ813574,global payments
1010813,"Palantir Technologies, Inc.",00726J-E,palantir technologies,IQ43580005,palantir technologies
282414,Bally's Corp.,0C663T-E,ballys,IQ100849045,ballys
423472,PAREXEL International Corp.,001840-E,parexel international,IQ32717,parexel international
951665,Stryker Corp.,000X16-E,stryker,IQ94614,stryker
21007398,"Finjan Holdings, Inc.",0D5ZJT-E,finjan,IQ28510,finjan
22260888,"O-I Glass, Inc.",0LSKDP-E,o-i glass,IQ32583,o-i glass
574258,"Lands' End, Inc.",000NZV-E,lands end,IQ285185,lands end
852857,Genpact Ltd.,00986Q-E,genpact,IQ34323388,genpact
1075458,"Riverbed Technology, Inc.",05RB5B-E,riverbed technology,IQ3198786,riverbed technology
1418399,Sonoco Products Co.,000WP1-E,sonoco products,IQ304124,sonoco products
384868,"Corning, Inc.",000F7B-E,corning,,
768598,"PerkinElmer, Inc. (United States)",002P6D-E,perkinelmer,IQ268363,perkinelmer
859782,"Digital Ally, Inc.",0618FD-E,digital ally,IQ12457662,digital ally
20921455,Verizon (US),000CQ8-E,verizon,IQ430239445,corizon
643549,"Harley-Davidson, Inc.",000LGS-E,harley-davidson,IQ277444,harley-davidson
258203,"SMART Global Holdings, Inc.",0GX0TL-E,smart global,IQ429150870,smart global
340300,"Beyond Meat, Inc.",0CMSQ2-E,beyond meat,IQ222996066,beyond meat
1132197,"Sally Beauty Holdings, Inc.",05LJBY-E,sally beauty,IQ30177530,sally beauty
1446642,"Manitex International, Inc.",006CBM-E,manitex international,IQ11564331,manitex international
1068525,"Biomerica, Inc.",000CVH-E,biomerica,IQ254941,biomerica
1158271,"CoStar Group, Inc.",002LP2-E,costar group,IQ387127,costar group
21035979,"LiveRamp Holdings, Inc.",0KMB9W-E,liveramp,IQ24292,liveramp
22182261,"Alarm.com Holdings, Inc.",07KT71-E,alarmcom,IQ302151977,alarmcom
880809,Avista Corp.,0029Q9-E,avista,IQ100918,avista
647046,"MACOM Technology Solutions Holdings, Inc.",0BD963-E,macom technology solutions,IQ138672527,macom technology solutions
1116588,The Kraft Heinz Co.,0FFB5P-E,the kraft heinz,IQ278212,the kraft heinz
775676,"NIKE, Inc.",000RBW-E,nike,IQ291981,nike
479560,"American Electric Power Co., Inc.",000BY1-E,american electric power,IQ135470,american electric power
620082,"PagerDuty, Inc.",0C608C-E,pagerduty,IQ116060746,pagerduty
522934,"Inotiv, Inc.",001SQ4-E,inotiv,IQ25587,inotiv
263241,"Ziff Davis, Inc.",002G4B-E,ziff davis,,
22248006,Ranpak Holdings Corp.,0HJ09W-E,ranpak,IQ540631094,ranpak
290469,Indivior PLC,00GFL3-E,indivior,IQ277824630,indivior
641897,"Plug Power, Inc.",002M71-E,plug power,IQ405483,plug power
20924531,"TriNet Group, Inc.",002VQ2-E,trinet group,IQ124565,trinet group
600914,"Napco Security Technologies, Inc.",000QTZ-E,napco security technologies,IQ289814,napco security technologies
507096,"KBR, Inc.",05L24K-E,kbr,IQ4161770,kbr
1328544,"Beacon Roofing Supply, Inc.",05MKTS-E,beacon roofing supply,IQ1543637,beacon roofing supply
22144195,"American Axle & Manufacturing Holdings, Inc.",00231Q-E,american axle & manufacturing,IQ24704,american axle & manufacturing
22262395,"Shift4 Payments, Inc.",0MCBZH-E,shift4 payments,IQ22308082,shift4 payments
528053,Carvana Co.,0GYGP5-E,carvana,IQ424080297,carvana
111696,"ScanSource, Inc.",001CHY-E,scansource,IQ345452,scansource
428167,"Harvard Bioscience, Inc.",0031H7-E,harvard bioscience,IQ598656,harvard bioscience
508021,"Tandem Diabetes Care, Inc.",00B9QB-E,tandem diabetes care,IQ46368713,tandem diabetes care
525326,"Interpace Biosciences, Inc.",001YSY-E,interpace biosciences,IQ383855,interpace biosciences
863843,Celanese Corp.,006K0D-E,celanese,IQ405277,celanese
217407,"Huntington Ingalls Industries, Inc.",0BFSSZ-E,huntington ingalls industries,IQ363263,huntington ingalls industries
21047705,Seagate Technology Holdings Plc,0NPR6B-E,seagate technology,IQ3738520,seagate technology
289486,"Regeneron Pharmaceuticals, Inc.",000VC1-E,regeneron pharmaceuticals,IQ33715,regeneron pharmaceuticals
368536,"Accuray, Inc.",060ZXV-E,accuray,IQ7665422,accuity
1128352,"D.R. Horton, Inc.",000LS9-E,dr horton,IQ107405,dr horton
1408931,"QuinStreet, Inc.",064DQV-E,quinstreet,IQ139426,quinstreet
22150537,Science Applications International Corp.,00FD97-E,science applications international,IQ231691952,science applications international
1133366,"10X Genomics, Inc.",00F5F9-E,10x genomics,IQ223288117,10x genomics
925339,"Trinity Industries, Inc.",000XX9-E,trinity industries,IQ309456,trinity industries
938967,"NantHealth, Inc.",00F9LC-E,nanthealth,IQ222554189,nanthealth
1101634,"Sientra, Inc.",06SZ59-E,sientra,IQ33942540,sientra
1468588,"Verint Systems, Inc.",003K5R-E,verint systems,IQ1717518,verint systems
335395,"Stein Mart, Inc.",000WXN-E,stein mart,IQ317894,stein mart
1296028,"Stitch Fix, Inc.",0CF8RD-E,stitch fix,IQ142659894,stitch fix
1244395,"Yext, Inc.",08594B-E,yext,IQ59320819,yext
1144196,"AppFolio, Inc.",00B5D8-E,appfolio,IQ44299616,appfolio
679943,"Acuity Brands, Inc.",0039G8-E,acuity brands,IQ1413208,acuity brands
564527,"LENSAR, Inc.",006ZWY-E,lensar,IQ41699596,lensar
439248,"Ribbon Communications, Inc.",0H55TJ-E,ribbon communications,IQ34555,ribbon communications
504210,"Nu Skin Enterprises, Inc.",001C9B-E,nu skin enterprises,IQ352094,nu skin enterprises
1174797,"Methode Electronics, Inc.",000PVZ-E,methode electronics,IQ287585,methode electronics
304787,"Palo Alto Networks, Inc.",0078TM-E,palo alto networks,IQ25460099,palo alto networks
510254,News Corp.,00F8BV-E,news,IQ212741644,news
21035007,"Waitr Holdings, Inc.",0K9RL7-E,waitr,IQ384488450,waitr
335421,"FAT Brands, Inc.",0H8QD6-E,fat brands,IQ536805454,fat brands
365544,"MicroStrategy, Inc.",0021NC-E,microstrategy,,
177463,"Lifetime Brands, Inc.",0015FQ-E,lifetime brands,IQ315654,lifetime brands
413253,ON Semiconductor Corp.,002S9J-E,on semiconductor,IQ411950,on semiconductor
922484,"Hanesbrands, Inc.",0089PB-E,hanesbrands,IQ4212820,hanesbrands
325563,"P.F. Chang's China Bistro, Inc.",00252R-E,pf changs china bistro,IQ32596,pf changs china bistro
656613,DXC Technology Co.,0GMHQ0-E,dxc technology,IQ263093,dxc technology
20921451,"Becton, Dickinson & Co.",000CPS-E,becton dickinson &,IQ103678,becton dickinson and
816880,"Rapid7, Inc.",07DCNN-E,rapid7,IQ22790600,rapid7
1256784,"F5, Inc.",002FR0-E,f5,,
445083,"CenterPoint Energy, Inc.",003DJY-E,centerpoint energy,IQ279513,centerpoint energy
22262115,"GoodRx Holdings, Inc.",0M7SF9-E,goodrx,IQ576807508,goodrx
20997979,"JELD-WEN Holding, Inc.",0BRJ5Z-E,jeld-wen holding,IQ141581761,jeld-wen holding
22143882,Logitech International SA,001QBC-E,logitech international sa,IQ388005,logitech international sa
39127,"Gray Television, Inc.",00144D-E,gray television,IQ322777,gray television
1334293,"Nexstar Media Group, Inc.",0038YJ-E,nexstar media group,IQ518638,nexstar media group
658303,"Shift Technologies, Inc.",0MZLGF-E,shift technologies,IQ264506786,shift technologies
1275230,Bank of Hawaii Corp.,000CKK-E,bank of hawaii,IQ253241,bank of hawaii
22170099,First Internet Bancorp (20950333),06F4SC-E,first internet bancorp,IQ95422,first internet bancorp
1213552,"Ligand Pharmaceuticals, Inc.",001175-E,ligand pharmaceuticals,IQ22711293,srd pharmaceuticals
1151650,ConocoPhillips,003GNF-E,conocophillips,IQ296527,conocophillips
116771,"Franchise Group, Inc.",00DF2N-E,franchise group,IQ30798,franchise group
22150831,"Restaurant Brands International, Inc.",00GBCG-E,restaurant brands international,IQ821389,restaurant brands international
8035487,"Youngevity International, Inc.",0BZXWG-E,youngevity international,IQ6710866,youngevity international
1554,"PubMatic, Inc.",07405T-E,pubmatic,IQ36397912,pubmatic
961524,The Boeing Co.,000CYC-E,the boeing,IQ370857,the boeing
883556,"Mace Security International, Inc.",0014N4-E,mace security international,IQ339603,mace security international
428542,"Casa Systems, Inc.",0662T7-E,casa systems,IQ10332229,casa systems
211280,M&T Bank Corp.,0023BK-E,m&t bank,IQ272285,m&t bank
803508,"Tesla, Inc.",006XY7-E,tesla,IQ27444752,tesla
180564,"Pioneer Power Solutions, Inc.",094YXD-E,pioneer power solutions,IQ4516703,pioneer power solutions
868999,VOXX International Corp.,000CF2-E,voxx international,IQ252862,voxx international
1005273,"MongoDB, Inc.",07B3KF-E,mongodb,IQ46952162,mongodb
788552,Vistra Corp.,0GL3K3-E,vistra,IQ7959935,vistra
203399,"NetSol Technologies, Inc.",002M04-E,netsol technologies,IQ393142,netsol technologies
1095305,Southwest Airlines Co.,000WR8-E,southwest airlines,IQ31726,southwest airlines
953403,"Owens & Minor, Inc.",000SZY-E,owens & minor,IQ294382,owens & minor
537861,"Ocean Power Technologies, Inc.",004ZPB-E,ocean power technologies,IQ912997,ocean power technologies
665888,The Clorox Co.,000DV5-E,the clorox,IQ89450,the clorox
22252886,"Spectrum Brands Holdings, Inc.",0JRV8S-E,spectrum brands,IQ192186,spectrum brands
1219686,The New York Times Co.,000R9L-E,the new york times,IQ291619,the new york times
98161,"Surmodics, Inc.",001WGT-E,surmodics,IQ381362,surmodics
669476,"Broadridge Financial Solutions, Inc.",008W16-E,broadridge financial solutions,IQ1032802,broadridge financial solutions
377578,"Bath & Body Works, Inc.",000P59-E,bath & body works,,
1058117,"Visa, Inc.",05MDRV-E,visa,IQ38043467,visa
375885,Oshkosh Corp.,000SZ8-E,oshkosh,IQ294167,oshkosh
937458,"Reading International, Inc.",000DS9-E,reading international,IQ261498,reading international
1016924,"8x8, Inc.",001DNH-E,8x8,IQ362956,8x8
635698,Tupperware Brands Corp.,0012KJ-E,tupperware brands,IQ347586,tupperware brands
1495758,Open Text Corp.,001ZH0-E,open text,IQ108839,open text
606164,"Casey's General Stores, Inc.",000DF4-E,caseys general stores,IQ258629,caseys general stores
436191,UniFirst Corp.,000Y1D-E,unifirst,IQ309966,unifirst
786131,"MKS Instruments, Inc.",001V6Q-E,mks instruments,IQ398351,mks instruments
300360,FMC Corp.,000KLW-E,fmc,IQ28606,fmc
652095,Allegion Plc (652095),00FKBX-E,allegion,IQ241782379,allegion
952420,"EPAM Systems, Inc.",06K82N-E,epam systems,IQ4773318,epam systems
22144807,Everest Re Group Ltd.,002MSP-E,everest re group,IQ340813,everest re group
319700,"Arista Networks, Inc.",07B5JH-E,arista networks,IQ33348547,arista networks
846082,Charles & Colvard Ltd.,000D5H-E,charles & colvard,IQ374150,charles & colvard
932316,Visteon Corp.,002X87-E,visteon,IQ245507,visteon
736220,"Automatic Data Processing, Inc.",000CFX-E,automatic data processing,IQ126269,automatic data processing
971959,"Concert Pharmaceuticals, Inc.",008F8T-E,concert pharmaceuticals,IQ27978054,concert pharmaceuticals
22231334,"Cogent Communications Holdings, Inc.",0DP5GM-E,cogent communications,IQ97928,cogent communications
1176214,Blue Bird Corp.,00FVW1-E,blue bird,IQ272634010,blue bird
1471795,"Westell Technologies, Inc.",0016S2-E,westell technologies,IQ346138,westell technologies
797781,"Exagen, Inc.",064NVS-E,exagen,IQ8444750,exagen
305519,"Cumberland Pharmaceuticals, Inc.",007JGZ-E,cumberland pharmaceuticals,IQ25240322,cumberland pharmaceuticals
22150686,"PlayAGS, Inc.",00FVR1-E,playags,IQ253211407,playags
706561,"Lantronix, Inc.",002Y8F-E,lantronix,IQ527299,lantronix
911008,"Trevena, Inc.",073K5C-E,trevena,IQ41390678,trevena
549058,"Rigel Pharmaceuticals, Inc.",002S8R-E,rigel pharmaceuticals,IQ33851,rigel pharmaceuticals
63547,"Forescout Technologies, Inc.",062Y2C-E,forescout technologies,IQ1103127,forescout technologies
528949,Radian Group Inc.,002K2T-E,radian group,IQ320709,radian group
22149558,SecureWorks Corp.,00C48W-E,secureworks,IQ309318871,secureworks
305012,"Thermo Fisher Scientific, Inc.",06LJVN-E,thermo fisher scientific,IQ97023,thermo fisher scientific
440342,Bio-Techne Corp.,000XKX-E,bio-techne,IQ189488,bio-techne
154888,Repligen Corp.,000VCV-E,repligen,IQ33769,repligen
152474,"Co-Diagnostics, Inc.",0GR1Q7-E,diagnostics,IQ60358987,diagnostics
832161,"Exelixis, Inc.",002SHN-E,exelixis,IQ28338,exelixis
411213,"Neuronetics, Inc.",006VKV-E,neuronetics,IQ3177427,neuronetics
7617622,"Ashland, Inc.",0G98QR-E,ashland,,
22149770,LyondellBasell Industries NV,00CJL5-E,lyondellbasell industries nv,IQ792424,lyondellbasell industries nv
1258394,G-III Apparel Group Ltd.,000KV4-E,g-iii apparel group,IQ274166,g-iii apparel group
196576,Immersion Corp.,002MBD-E,immersion,IQ93473,immersion
766798,"PLx Pharma, Inc.",0GZJT1-E,plx pharma,IQ8265626,plx pharma
1374585,Omeros Corp.,005P05-E,omeros,IQ32388,omeros
133681,Kaman Corp.,000NDR-E,kaman,IQ282415,kaman
597637,Carnival Corp.,003GTW-E,carnival,IQ258823,carnival &
22148144,"El Pollo Loco Holdings, Inc.",00884Z-E,el pollo loco,IQ21919911,el pollo loco
402382,"Molina Healthcare, Inc.",0046TH-E,molina healthcare,IQ4107517,molina healthcare
232733,"iMedia Brands, Inc.",000Y9R-E,imedia brands,IQ104117,imedia brands
348323,eGain Corp.,002L4J-E,egain,IQ27928,egain
606871,"Dick's Sporting Goods, Inc.",0040KQ-E,dicks sporting goods,IQ27561,dicks sporting goods
761068,"Light & Wonder, Inc.",000CG6-E,light & wonder,,
396968,Raytheon Technologies Corp.,0M6FSJ-E,raytheon technologies,IQ159230,raytheon technologies
303939,"Malibu Boats, Inc.",0DH9VG-E,malibu boats,IQ4289434,malibu boats
1057249,"Alteryx, Inc.",070M60-E,alteryx,IQ8548197,alteryx
1301274,Uranium Energy Corp.,007HW6-E,uranium energy,IQ23428489,uranium energy
728359,Oil-Dri Corp. of America,000STP-E,oil-dri of america,IQ293170,oil-dri of america
1060666,"Zendesk, Inc.",07N5YW-E,zendesk,IQ46240937,zendesk
371259,"Belden, Inc.",06S131-E,belden,IQ200199,belden
366193,Pulmonx Corp.,007QR8-E,pulmonx,IQ8446085,pulmonx
8065592,"SELLAS Life Sciences Group, Inc.",0HTZW0-E,sellas life sciences group,IQ262231850,sellas life sciences group
638399,"Autoliv, Inc.",001MF2-E,autoliv,IQ361581,autoliv
905616,"Chicken Soup for the Soul Entertainment, Inc.",0GWNQW-E,chicken soup for the soul entertainment,IQ347352380,chicken soup for the soul entertainment
110910,Devon Energy Corp.,000HJ2-E,devon energy,IQ266510,devon energy
1183271,"Avid Technology, Inc.",000CGG-E,avid technology,IQ25334,avid technology
433295,"Minerals Technologies, Inc.",000Q24-E,minerals technologies,IQ320303,minerals technologies
786006,Hyatt Hotels Corp.,0789KJ-E,hyatt hotels,IQ13103664,hyatt hotels
22150879,"XBiotech, Inc.",00GL6Z-E,xbiotech,IQ216818432,xbiotech
527754,"Smartsheet, Inc.",008DJ4-E,smartsheet,IQ34978780,smartsheet
21036313,"Surgalign Holdings, Inc.",0KQ7HW-E,surgalign,IQ127800,surgalign
502241,DISH Network Corp.,00156C-E,dish network,IQ110001,dish network
430232,MannKind Corp.,005SV0-E,mannkind,IQ9282918,mannkind
989908,Vericel Corp.,001DJZ-E,vericel,IQ24153,vericel
1107166,"Aspen Aerogels, Inc.",003KB3-E,aspen aerogels,IQ3044099,aspen aerogels
491954,"Clearside Biomedical, Inc.",0C9N4V-E,clearside biomedical,IQ145617165,clearside biomedical
1364341,"Zion Oil & Gas, Inc.",003J47-E,zion oil & gas,IQ1276200,zion oil & gas
914458,"Agilysys, Inc.",000TGM-E,agilysys,IQ297147,agilysys
342638,CSX Corp.,000FFC-E,csx,IQ257948,csx
674277,National Research Corp.,001RG1-E,national research,IQ366847,national research
355917,"ClearOne, Inc.",000ZYP-E,clearone,IQ274944,clearone
22142761,"United Parcel Service, Inc.",000Y4G-E,united parcel service,IQ238570,united parcel service
651088,Cerus Corp.,001BXV-E,cerus,IQ26334,cerus
1048297,"DermTech, Inc.",0LDW09-E,dermtech,IQ732221,dermtech
1187490,Albemarle Corp.,000BP5-E,albemarle,IQ18671,albemarle
154589,"Amedisys, Inc.",0015VP-E,amedisys,IQ347535,amedisys
637575,"Gentherm, Inc.",0010PL-E,gentherm,,
288161,KLA Corp.,001NWQ-E,kla,IQ282225,kla
1695855,Akts,00FXK3-E,akts,,
983522,Viad Corp.,000HJP-E,viad,IQ177500,viad
49704,UroGen Pharma Ltd.,0CV67B-E,urogen pharma,IQ240702165,urogen pharma
299268,"HyreCar, Inc.",0HLGW4-E,hyrecar,IQ542762173,hyrecar
1282305,ContraFect Corp.,07CR38-E,contrafect,IQ112206719,contrafect
1096267,Helen of Troy Ltd.,0018J2-E,helen of troy,IQ277500,helen of troy
263644,"Howmet Aerospace, Inc.",0GTRCJ-E,howmet aerospace,IQ416264458,howmet aerospace
8085549,"nCino, Inc.",0Q5FDX-E,ncino,IQ226872615,ncino
766625,"Adobe, Inc.",000BJT-E,adobe,IQ24321,adobe
986341,"Procore Technologies, Inc.",074LCP-E,procore technologies,IQ29510794,procore technologies
1214055,Eastman Kodak Co.,000HWH-E,eastman kodak,IQ93396,eastman kodak
917104,"Biogen, Inc.",00167Y-E,biogen,IQ29726,biogen
435316,"Tucows, Inc.",001739-E,tucows,,
22186652,"Hyster-Yale Materials Handling, Inc.",0819JQ-E,hyster-yale materials handling,IQ2125636,hyster-yale materials handling
873807,Ciena Corp.,001FR9-E,ciena,IQ26486,ciena
627319,"Forrester Research, Inc.",001CK4-E,forrester research,IQ356418,forrester research
999239,"FTI Consulting, Inc.",001B91-E,fti consulting,IQ28754,fti consulting
1268157,"Kelly Services, Inc.",000NH4-E,kelly services,IQ282655,kelly services
51675,"Xylem, Inc.",0C4770-E,xylem,IQ118218449,xylem
21023141,"Dell Technologies, Inc.",0GGD8K-E,dell technologies,IQ266017,dell technologies
7230,"LiveOne, Inc.",00CM2Q-E,liveone,,
21014749,"Revolve Group, Inc.",0F174K-E,revolve group,IQ583985474,revolve group
1373831,"Hurco Cos., Inc.",000LVN-E,hurco cos,,
20921792,"Kulicke & Soffa Industries, Inc.",000NY1-E,kulicke & soffa industries,IQ283588,kulicke and soffa industries
842731,"Vertex, Inc.",05MDGZ-E,vertex,IQ969374,vertex
525718,"PTC, Inc.",000T43-E,ptc,IQ32710,ptc
923586,"Yelp, Inc.",007SJT-E,yelp,IQ24558792,yelp
562042,"General Mills, Inc.",000KYW-E,general mills,IQ274715,general mills
1049245,"Mattel, Inc.",000PK1-E,mattel,IQ31197,mattel
22267151,"Aveanna Healthcare Holdings, Inc.",0NNY2Y-E,aveanna healthcare,IQ575366670,aveanna healthcare
22261362,"The AZEK Co., Inc.",0M0FHK-E,the azek,IQ27194630,the azek
1195979,"Verisk Analytics, Inc.",00BDWZ-E,verisk analytics,IQ1027055,verisk analytics
143,"Applied Optoelectronics, Inc.",008X2J-E,applied optoelectronics,IQ1043391,applied optoelectronics
769693,"ShotSpotter, Inc.",062GX5-E,shotspotter,IQ9495375,shotspotter
22265682,"Affirm Holdings, Inc.",0N4938-E,affirm,IQ695381746,affirm
322312,Danaher Corp.,000FHS-E,danaher,IQ265621,danaher
20929719,UTStarcom Holdings Corp.,00D5TC-E,utstarcom,IQ98492,utstarcom
687267,"Tempur Sealy International, Inc.",004ZZ8-E,tempur sealy international,IQ3289679,tempur sealy international
952179,"Claxson Interactive Group, Inc.",003BXG-E,claxson interactive group,IQ21029,claxson interactive group
1146370,"Jabil, Inc.",0012RM-E,jabil,IQ96078,jabil
935684,United States Steel Corp.,003GLW-E,united states steel,IQ314896,united states steel
20924375,"Charles River Laboratories International, Inc.",002Q0C-E,charles river laboratories international,IQ91093,charles river laboratories international
245436,"Brightcove, Inc.",063CBM-E,brightcove,IQ20745491,brightcove
947501,Colgate-Palmolive Co.,000DXS-E,colgate-palmolive,IQ262247,colgate-palmolive
494743,"Helios Technologies, Inc.",001D5Q-E,helios technologies,IQ354502,helios technologies
1401341,"NetApp, Inc.",0758Z9-E,netapp,IQ32052,netapp
22267578,Valaris Ltd.,0NSQBN-E,valaris,IQ269488,valaris
1139714,"Tapestry, Inc.",002YTH-E,tapestry,IQ526573,tapestry
22222270,"Lantheus Holdings, Inc.",0CJ670-E,lantheus,IQ8285048,lantheus
1211677,"First Solar, Inc.",008FJT-E,first solar,IQ4593731,first solar
967772,OFG Bancorp,001GNT-E,ofg bancorp,IQ294078,ofg bancorp
231616,"bebe stores, inc.",0021TV-E,bebe stores,IQ385464,bebe stores
703568,"HireQuest, Inc.",0LFT9X-E,hirequest,IQ26685404,hirequest
369486,"Century Communities, Inc.",00FHSG-E,century communities,IQ237656125,century communities
977427,"Broadcom, Inc.",0JCLYY-E,broadcom,IQ25016048,broadcom
595342,"Seres Therapeutics, Inc.",0CT325-E,seres therapeutics,IQ222388947,seres therapeutics
378883,"Cloudera, Inc.",07LHZ8-E,cloudera,IQ54070696,cloudera
864132,"Merck & Co., Inc.",000PQC-E,merck &,IQ288502,merck &
1049277,"Champions Oncology, Inc.",06NL2Z-E,champions oncology,IQ323655,champions oncology
1545483,PAR Technology Corp.,000T3Y-E,par technology,IQ294978,par technology
971709,"Sun Life Financial, Inc.",002YSD-E,sun life financial,IQ412944,sun life financial
494205,"The Home Depot, Inc.",000LR9-E,the home depot,IQ278679,the home depot
22149117,Graphic Packaging Holding Co.,00B1TT-E,graphic packaging holding,IQ33880,graphic packaging holding
952481,Cyanotech Corp.,000FGJ-E,cyanotech,IQ318447,cyanotech
30814,"PaySign, Inc.",06L6Q9-E,paysign,IQ8106735,paysign
337515,"Comerica, Inc.",000F01-E,comerica,IQ20725511,pcamerica
1085814,"Upland Software, Inc.",0B5S8C-E,upland software,IQ1265495,upland software
1076727,Heska Corp.,001NG4-E,heska,IQ29433,heska
1154223,American Well Corp.,0093HR-E,american well,IQ46103274,american well
1404449,"John Wiley & Sons, Inc.",000YWP-E,john wiley & sons,IQ314242,john wiley & sons
1348852,"Liquidity Services, Inc.",006DZ7-E,liquidity services,IQ137610,liquidity services
248152,"CareDx, Inc.",005SGQ-E,caredx,IQ9985914,caredx
46101,Comtech Telecommunications Corp.,000F31-E,comtech telecommunications,IQ262961,comtech telecommunications
115177,"Salesforce, Inc.",0058W5-E,salesforce,IQ122917,salesforcecom
1186567,"Standard BioTools, Inc.",003HR7-E,standard biotools,,
21026097,"DigitalOcean Holdings, Inc.",0GZQ1T-E,digitalocean,IQ243910980,digitalocean
963403,Scholastic Corp.,000VS0-E,scholastic,IQ37870,scholastic
1186459,"Mersana Therapeutics, Inc.",007RJ8-E,mersana therapeutics,IQ1623526,mersana therapeutics
1062606,"Agios Pharmaceuticals, Inc.",00BBFF-E,agios pharmaceuticals,IQ46539787,agios pharmaceuticals
21044658,Amalgamated Financial Corp.,0MT9M9-E,amalgamated financial,IQ4935718,amalgamated financial
721944,"TravelCenters of America, Inc.",008VCN-E,travelcenters of america,IQ128540,travelcenters of america
476060,"A10 Networks, Inc.",079V22-E,a10 networks,IQ24734352,a10 networks
22145092,"Berkshire Hills Bancorp, Inc.",002VXH-E,berkshire hills bancorp,IQ416800,berkshire hills bancorp
848951,"Aviat Networks, Inc.",06JRZ2-E,aviat networks,IQ30028982,aviat networks
1168432,"LivePerson, Inc.",002RVT-E,liveperson,IQ30886,liveperson
872339,Sempra Energy,00247H-E,sempra energy,IQ120622,sempra energy
8053793,"Albertsons Cos., Inc.",0FMYSW-E,albertsons cos,,
1173091,"On Deck Capital, Inc.",009V77-E,on deck capital,IQ39505578,on deck capital
22142245,Fifth Third Bancorp,000JND-E,fifth third bancorp,IQ270961,fifth third bancorp
1001770,Hexcel Corp.,000LNP-E,hexcel,IQ278513,hexcel
1426262,"XCel Brands, Inc.",002FQ2-E,xcel brands,IQ141124439,xcel brands
20922730,"Streamline Health Solutions, Inc.",0017CW-E,streamline health solutions,IQ30686,streamline health solutions
22150300,Oportun Financial Corp.,00DNXD-E,oportun financial,IQ33406730,oportun financial
463638,"WW International, Inc.",002VQN-E,ww international,IQ754046,ww international
439395,"Enbridge, Inc.",001ZGF-E,enbridge,IQ280420,enbridge
656100,"New Relic, Inc.",076WRN-E,new relic,IQ44316034,new relic
539828,GrowGeneration Corp.,0FWB2F-E,growgeneration,IQ261909118,growgeneration
857596,United Therapeutics Corp.,002G54-E,united therapeutics,IQ36018,united therapeutics
290603,Mercury General Corp.,000PQH-E,mercury general,IQ287366,mercury general
1059660,"Innovative Solutions & Support, Inc.",002XVP-E,innovative solutions & support,IQ29957,innovative solutions and support
1221768,"Fiserv, Inc.",000KJ3-E,fiserv,IQ128209,fiserv
714232,"The Hackett Group, Inc.",0020LX-E,the hackett group,IQ24892,the hackett group
430242,Fox Corp.,0KHSWP-E,fox,IQ546623668,fox
1151189,"Vertex Pharmaceuticals, Inc.",000YJB-E,vertex pharmaceuticals,IQ268978053,lq3 pharmaceuticals
1070638,"UnitedHealth Group, Inc.",000Y3J-E,unitedhealth group,IQ104673,unitedhealth group incorporated
1003302,"Travere Therapeutics, Inc.",0D0JWQ-E,travere therapeutics,IQ133551169,travere therapeutics
222592,"Avalara, Inc.",007W2L-E,avalara,IQ13626992,avalara
20925830,"Compass Minerals International, Inc.",004FVS-E,compass minerals international,IQ5381745,compass minerals international
237844,First American Financial Corp.,094YLL-E,first american financial,IQ43182327,first american financial
21038694,"Dynatrace, Inc.",0L70Q2-E,dynatrace,IQ628406634,dynatrace
22143178,Horace Mann Educators Corp.,0015BK-E,horace mann educators,IQ318898,horace mann educators
20929821,"Restoration Hardware, Inc.",00DFBD-E,restoration hardware,,
22142913,The Allstate Corp.,0011FZ-E,the allstate,IQ18711,the allstate
1496058,"Bread Financial Holdings, Inc.",002RBQ-E,bread financial,,
232175,"Spectrum Pharmaceuticals, Inc.",001DWK-E,spectrum pharmaceuticals,IQ371481,spectrum pharmaceuticals
22143924,"C.H. Robinson Worldwide, Inc.",001RND-E,ch robinson worldwide,IQ368470,ch robinson worldwide
160960,Huntsman Corp.,061SW6-E,huntsman,IQ165298,huntsman
62131,Virtusa Corp.,006JDY-E,virtusa,IQ424735,virtusa
197273,Amdocs Ltd.,0025KH-E,amdocs,IQ24686,amdocs
1142109,"Peloton Interactive, Inc.",00F8JF-E,peloton interactive,IQ225591096,peloton interactive
963344,Incyte Corp.,000M2Q-E,incyte,IQ332954,incyte
22146106,"Hawaiian Holdings, Inc.",003XC8-E,hawaiian,IQ131627,hawaiian
1150829,Travel + Leisure Co.,068T0P-E,travel leisure,IQ31063165,travel leisure
74385,"1-800-FLOWERS.COM, Inc.",002JD9-E,1-800-flowerscom,IQ24085,1-800-flowerscom
22241422,Varex Imaging Corp.,0G8KS0-E,varex imaging,IQ379834366,varex imaging
806178,Atlantic Union Bankshares Corp.,09HT7H-E,atlantic union bankshares,IQ361216,atlantic union bankshares
22142788,"Washington Trust Bancorp, Inc.",000YPT-E,washington trust bancorp,IQ312897,washington trust bancorp
342375,Glaukos Corp.,008TKK-E,glaukos,IQ3131592,glaukos
535792,"Cross Country Healthcare, Inc.",003B0S-E,cross country healthcare,IQ27189,cross country healthcare
1139545,Phillips 66,0C7248-E,phillips 66,IQ27306532,phillips 66
18027,"The Bon-Ton Stores, Inc.",0013SM-E,the bon-ton stores,IQ321590,the bon-ton stores
541751,"Bandwidth, Inc.",05MJX8-E,bandwidth,IQ1054561,bandwidth
1442405,"BRP Group, Inc.",0LGNNL-E,brp group,IQ427546442,brp group
654118,Texas Instruments Incorporated (654118),000XNY-E,texas instruments incorporated,IQ140283,texas instruments incorporated
745033,The Walt Disney Co.,000HLG-E,the walt disney,IQ191564,the walt disney
828625,General Dynamics Corp.,000KYC-E,general dynamics,IQ274561,general dynamics
25373,The Southern Co.,000WQ5-E,the southern,IQ120623,the southern
772320,"Retractable Technologies, Inc.",002YZ3-E,retractable technologies,IQ747507,retractable technologies
443107,"ANSYS, Inc.",0016CD-E,ansys,IQ24893,ansys
416104,The ODP Corp.,0MJHR2-E,the odp,IQ32356,the odp
364290,"EyePoint Pharmaceuticals, Inc.",05TJPZ-E,eyepoint pharmaceuticals,IQ4481199,eyepoint pharmaceuticals
920218,"Vital Farms, Inc.",0D1D0N-E,vital farms,IQ231730321,vital farms
7969086,"Paycom Software, Inc.",00FX5R-E,paycom software,IQ254225545,paycom software
726086,"PRGX Global, Inc.",00190S-E,prgx global,IQ35444,prgx global
20991909,Beam Global,09Q7Z7-E,beam global,IQ34792193,beam global
20921942,"Altria Group, Inc.",000TCH-E,altria group,IQ296308,altria group
1292281,"Advanced Micro Devices, Inc.",000BK7-E,advanced micro devices,IQ168864,advanced micro devices
760499,Kewaunee Scientific Corp.,000NSS-E,kewaunee scientific,IQ282867,kewaunee scientific
380434,"Walker & Dunlop, Inc.",07KBQL-E,walker & dunlop,IQ49410774,walker & dunlop
905996,"UiPath, Inc.",0J7HVD-E,uipath,IQ343303132,uipath
807572,"HP, Inc.",000LNN-E,hp,IQ108856,hp
829185,"Marsh & McLennan Cos., Inc.",000PH0-E,marsh & mclennan cos,IQ473342,marsh & mclennan companies
806803,"Drive Shack, Inc.",0026K5-E,drive shack,IQ2557861,drive shack
22142112,Capital One Financial Corp.,000DB4-E,capital one financial,IQ336241,capital one financial
107613,"Fossil Group, Inc.",000KPH-E,fossil group,IQ317037,fossil group
513534,Madison Square Garden Entertainment Corp.,0M3FN0-E,madison square garden entertainment,IQ572161426,madison square garden entertainment
826936,"Vera Bradley, Inc.",00CNZ0-E,vera bradley,IQ4524855,vera bradley
754499,"Cohu, Inc.",000DXK-E,cohu,IQ262125,cohu
669865,Chase Corp.,000DN3-E,chase,IQ172593,chase
22144246,"Lincoln Electric Holdings, Inc.",002499-E,lincoln electric,IQ338562,lincoln electric
195805,"KAR Auction Services, Inc.",06Q9HM-E,kar auction services,IQ33402796,kar auction services
1181876,WestRock Co.,0KBSXG-E,westrock,IQ33897,westrock
1311281,"Trimble, Inc.",00182C-E,trimble,IQ126411,trimble
20957436,Avaya Holdings Corp.,06YZ9R-E,avaya,IQ224812364,avaya
339161,Sleep Number Corp.,0026CQ-E,sleep number,IQ34176,sleep number
678236,Veritiv Corp.,0DQ51S-E,veritiv,IQ257035113,veritiv
1426066,"Corcept Therapeutics, Inc.",003H0G-E,corcept therapeutics,IQ1423826,corcept therapeutics incorporated
112183,MGM Resorts International,000PYP-E,mgm resorts international,IQ286798,mgm resorts international
171890,"AstroNova, Inc.",000CCP-E,astronova,IQ251995,astronova
561336,"Zscaler, Inc.",07NR9R-E,zscaler,IQ58838228,zscaler
38171,Boyd Gaming Corp.,00142F-E,boyd gaming,IQ327880,boyd gaming
22245407,The Simply Good Foods Co.,0GYY45-E,the simply good foods,IQ366893563,the simply good foods
384634,"Mestek, Inc.",000PVS-E,mestek,IQ288703,mestek
573442,Zebra Technologies Corp.,000Z32-E,zebra technologies,IQ393488,zebra technologies
888557,The Timken Co.,000XRD-E,the timken,IQ308582,the timken
22146297,AXIS Capital Holdings Ltd.,004BVL-E,axis capital,IQ4793955,axis capital
1109560,Pfizer Inc.,000TBT-E,pfizer,IQ162270,pfizer
538638,Dover Corp.,000HN5-E,dover,IQ174901,dover
3576,"Ethan Allen Interiors, Inc.",0011CH-E,ethan allen interiors,IQ28258,ethan allen interiors
76312,"NanoString Technologies, Inc.",065C1X-E,nanostring technologies,IQ9648933,nanostring technologies
468922,"Sonic Automotive, Inc.",001RJL-E,sonic automotive,IQ370122,sonic automotive
600578,"Crown Holdings, Inc.",05KK69-E,crown,IQ27199,crown
77051,Lionbridge Technologies LLC (Delware),002L85-E,lionbridge technologies,IQ30860,lionbridge technologies
946082,LendingClub Corp.,009K9R-E,lendingclub,IQ34600869,lendingclub
311348,"SPS Commerce, Inc.",05L9QP-E,sps commerce,IQ34696,sps commerce
24434,"Voya Financial, Inc.",05LY00-E,voya financial,IQ1008249,voya financial
1370,"Pinterest, Inc.",00C5ZQ-E,pinterest,IQ139264388,pinterest
9049,"Freshpet, Inc.",0095GF-E,freshpet,IQ34990682,freshpet
444851,"Ideal Power, Inc.",00CYG0-E,ideal power,IQ244182766,ideal power
7375,"Marriott International, Inc.",001YRD-E,marriott international,IQ31148,marriott international
22253116,"Elanco Animal Health, Inc.",0JVC5L-E,elanco animal health,IQ576158911,elanco animal health incorporated
376276,"Rimini Street, Inc.",0HHL8B-E,rimini street,IQ23943463,rimini street
1076393,"Paychex, Inc.",000T67-E,paychex,IQ295368,paychex
988580,NewMarket Corp.,005KT5-E,newmarket,IQ270395,newmarket
861856,"electroCore, Inc.",09ZYR2-E,electrocore,IQ224595724,electrocore
393421,"Anterix, Inc.",006FLJ-E,anterix,IQ26792143,anterix
6026,"Veeva Systems, Inc.",00938Y-E,veeva systems,IQ33414482,veeva systems
371876,Parker-Hannifin Corp.,000T4W-E,parker-hannifin,IQ295170,parker-hannifin
1339386,"Tootsie Roll Industries, Inc.",000XSD-E,tootsie roll industries,IQ308896,tootsie roll industries
294759,"Evolent Health, Inc.",0D48PX-E,evolent health,IQ225523981,evolent health
1490159,Fair Isaac Corp.,000JFV-E,fair isaac,IQ270427,fair isaac
464717,AECOM,05MQRP-E,aecom,IQ701179,aecom
578484,"Entegris, Inc.",002QS3-E,entegris,IQ416404,entegris
378605,"Marathon Digital Holdings, Inc.",00CY6L-E,marathon digital,IQ158387416,marathon digital
713975,"Red Robin Gourmet Burgers, Inc.",003WTW-E,red robin gourmet burgers,IQ131943,red robin gourmet burgers
22148054,"Genius Brands International, Inc.",0082SV-E,genius brands international,IQ27370569,genius brands international
343942,"DocuSign, Inc.",005WNY-E,docusign,IQ9817309,docusign
7525063,"Delta Apparel, Inc.",002QY0-E,delta apparel,IQ527748,delta apparel
949223,"Viatris, Inc.",0LKLMN-E,viatris,IQ290203,viatris
866870,"H&R Block, Inc.",000LCV-E,h&r block,IQ276601,h&r block
358422,"QAD, Inc.",001PLQ-E,qad,IQ370621,qad
20929890,"CrowdStrike Holdings, Inc.",00DL89-E,crowdstrike,IQ420347413,crowdstrike
597965,Dean Foods Co.,0015Q5-E,dean foods,IQ34883,dean foods
22144010,"Choice Hotels International, Inc.",001W1C-E,choice hotels international,IQ370714,choice hotels international
1071058,"Homology Medicines, Inc.",0FZZYY-E,homology medicines,IQ321461593,homology medicines
1159326,Energy Transfer LP,067JKW-E,energy transfer lp,IQ23812789,energy transfer lp
220173,Global Industrial Co.,00159H-E,global industrial,,
203615,"PGT Innovations, Inc.",0082WG-E,pgt innovations,IQ6628356,pgt innovations
1318676,"Magnite, Inc.",06Y444-E,magnite,IQ37502896,magnite
244971,Hormel Foods Corp.,000LS4-E,hormel foods,IQ279042,hormel foods
12976,"Unifi, Inc.",000Y1C-E,unifi,IQ190965,unifi
124546,"PPG Industries, Inc.",000TLX-E,ppg industries,IQ294639,ppg industries
896036,"Harte-Hanks, Inc.",0022S1-E,harte-hanks,IQ205525,harte hanks
1235888,CVD Equipment Corp.,0019JB-E,cvd equipment,IQ257184,cvd equipment
1214068,"Cloudflare, Inc.",00C9MC-E,cloudflare,IQ81851700,cloudflare
1467860,"Insight Enterprises, Inc.",0014LH-E,insight enterprises,IQ336930,insight enterprises
80824,Waters Corp.,0011S2-E,waters,IQ36475,waters
598085,"Aerojet Rocketdyne Holdings, Inc.",000KXW-E,aerojet rocketdyne,IQ274419,aerojet rocketdyne
1012421,Commercial Metals Co.,000F0N-E,commercial metals,IQ262639,commercial metals
1035037,"Ulta Beauty, Inc.",0GT085-E,ulta beauty,IQ35929,ulta beauty
861516,"The Bancorp, Inc. (Delaware)",05TNM0-E,the bancorp,IQ430453,the bancorp
97906,"SunRun, Inc.",009TBL-E,sunrun,IQ44576381,sunrun
1433732,"Wolverine World Wide, Inc.",000YZW-E,wolverine world wide,IQ315210,wolverine world wide
22242854,Johnson Controls International Plc,0GHYSV-E,johnson controls international,IQ282590,johnson controls international
1104097,American Express Co.,000BY7-E,american express,IQ92001,american express
22142741,Trustmark Corp.,000XYC-E,trustmark,IQ309540,trustmark
735941,"Cass Information Systems, Inc.",0014DR-E,cass information systems,IQ369520,cass information systems
432986,"Marinus Pharmaceuticals, Inc.",006M3L-E,marinus pharmaceuticals,IQ7606380,marinus pharmaceuticals
1063708,"CorMedix, Inc.",009KMF-E,cormedix,IQ79611048,cormedix
1330983,"ViaSat, Inc.",001CQK-E,viasat,IQ359638,viasat
1148476,"Werner Enterprises, Inc.",000YSM-E,werner enterprises,IQ313266,werner enterprises
1352575,"Oceaneering International, Inc.",000SSJ-E,oceaneering international,IQ94799,oceaneering international
979313,"SI-BONE, Inc.",00BXYG-E,si-bone,IQ111902909,si-bone
1418083,FONAR Corp.,000KM4-E,fonar,IQ273298,fonar
407941,"FuelCell Energy, Inc.",002MX0-E,fuelcell energy,IQ332124,fuelcell energy
107527,CytoSorbents Corp.,06J02W-E,cytosorbents,IQ628213,cytosorbents
354708,"Conagra Brands, Inc.",000F36-E,conagra brands,IQ26893,conagra brands
801853,"MoneyGram International, Inc.",05YXKG-E,moneygram international,IQ9962209,moneygram international
22247778,Sensata Technologies Holding Plc (21028344),0HGH7H-E,sensata technologies holding,IQ82392972,sensata technologies holding
426997,eMagin Corp.,0025F4-E,emagin,IQ527181,emagin
470932,"Penske Automotive Group, Inc.",0019FP-E,penske automotive group,IQ365436,penske automotive group
1026108,"e.l.f. Beauty, Inc.",00FYXW-E,elf beauty,IQ104554559,elf beauty
1424574,"Guardant Health, Inc.",00FYYJ-E,guardant health,IQ256906841,guardant health
1283933,"Activision Blizzard, Inc.",079SG6-E,activision blizzard,IQ4222231,activision blizzard
1302930,Whirlpool Corp.,000YVZ-E,whirlpool,IQ314515,whirlpool
22142685,Stewart Information Services Corp.,000WYS-E,stewart information services,IQ305729,stewart information services
306104,TransUnion,0CD72R-E,transunion,IQ170928919,transunion
1362187,"Insmed, Inc.",002T0L-E,insmed,,
1496843,"W.W. Grainger, Inc.",000L76-E,ww grainger,IQ276060,ww grainger
1491991,"Advanced Energy Industries, Inc.",00141M-E,advanced energy industries,IQ343596,advanced energy industries
22145415,"Big Lots, Inc.",0038QK-E,big lots,IQ26949,big lots
439304,"Agilent Technologies, Inc.",002LV5-E,agilent technologies,IQ154924,agilent technologies
1004367,"Trex Co., Inc.",0026PK-E,trex,IQ231534,trex
722997,"Azenta, Inc.",0011GL-E,azenta,IQ643252,cayenta
370633,"Wyndham Hotels & Resorts, Inc.",0J7VR6-E,wyndham hotels & resorts,IQ555811978,wyndham hotels & resorts
813547,"nLIGHT, Inc.",005P7X-E,nlight,IQ428918,nlight
1006115,The Hershey Co.,000LNJ-E,the hershey,IQ98873,the hershey
22172379,"Fidelity National Financial, Inc.",06LK0R-E,fidelity national financial,IQ22986276,fidelity national financial
7503220,"Maxar Technologies, Inc.",0KFCSR-E,maxar technologies,IQ31007,maxar technologies
692895,"Winnebago Industries, Inc.",000YXH-E,winnebago industries,IQ314960,winnebago industries
22150501,"SeaWorld Entertainment, Inc.",00F8JT-E,seaworld entertainment,IQ864032,seaworld entertainment
1416824,The Toronto-Dominion Bank,00136Q-E,the toronto-dominion bank,IQ23515,the toronto-dominion bank
602361,"Intevac, Inc.",0013JQ-E,intevac,IQ30216,intevac
171190,"RingCentral, Inc.",05MGZP-E,ringcentral,IQ2398691,ringcentral
1227803,"Xcel Energy, Inc.",0030MN-E,xcel energy,IQ527542,xcel energy
73599,"Ocular Therapeutix, Inc.",0093DV-E,ocular therapeutix,IQ41955650,ocular therapeutix
861768,"Fisker, Inc.",0N26QV-E,fisker,IQ576777739,fisker
20962765,"Wilhelmina International, Inc.",07KW7S-E,wilhelmina international,IQ348934,wilhelmina international
63343,"Teledyne Technologies, Inc.",002MPN-E,teledyne technologies,IQ406526,teledyne technologies incorporated
902387,Hess Corp.,000BVL-E,hess,IQ249841,hess
1141344,"Quotient Technology, Inc.",05MVFN-E,quotient technology,IQ2878904,quotient technology
20924380,"AlliedSignal, Inc.",002Q2X-E,alliedsignal,,
753532,"Perficient, Inc.",002HH1-E,perficient,IQ401591,perficient
344857,"Omnicell, Inc.",002XCP-E,omnicell,IQ32401,omnicell
1422815,"Aflac, Inc.",000BMH-E,aflac,,
29397,"Douglas Dynamics, Inc.",09QHM9-E,douglas dynamics,IQ4277141,douglas dynamics
134293,"Predictive Oncology, Inc.",07BBNM-E,predictive oncology,IQ50261774,predictive oncology
832681,"Lemonade, Inc.",00B63D-E,lemonade,IQ318829603,lemonade
1143189,"Rockwell Automation, Inc.",000VJS-E,rockwell automation,IQ300504,rockwell automation
627874,"PhaseBio Pharmaceuticals, Inc.",005VP1-E,phasebio pharmaceuticals,IQ3564616,phasebio pharmaceuticals
1144559,"scPharmaceuticals, Inc.",0DMXVQ-E,scpharmaceuticals,IQ247375245,scpharmaceuticals
1006102,Tractor Supply Co.,0019FL-E,tractor supply,IQ329501,tractor supply
332849,Ameren Corp.,000ZPG-E,ameren,IQ373264,ameren
96204,"Hawkins, Inc.",000LKG-E,hawkins,IQ277171,hawkins
385194,Farmer Brothers Co.,000JGQ-E,farmer brothers,,
557755,J&J Snack Foods Corp.,000N7G-E,j&j snack foods,IQ281651,j & j snack foods
1014940,"Tattooed Chef, Inc.",0MGF6V-E,tattooed chef,IQ528893822,tattooed chef
876331,"NewAge, Inc.",0GG0L4-E,newage,IQ31095026,newage
6804,"Archrock, Inc.",0094JK-E,archrock,IQ362798,archrock
865092,"Teleflex, Inc.",000XLT-E,teleflex,,
1073501,"Akamai Technologies, Inc.",002M0S-E,akamai technologies,IQ24522,akamai technologies
903784,"AbbVie, Inc.",00DYYX-E,abbvie,IQ141885706,abbvie
56698,"Live Nation Entertainment, Inc.",09HB7M-E,live nation entertainment,IQ384687,live nation entertainment
968188,Columbia Sportswear Co.,001WFT-E,columbia sportswear,IQ384300,columbia sportswear
1444763,Flex Ltd.,0015XK-E,flex,IQ26510,flex
860320,Ford Motor Co.,000KN2-E,ford motor,IQ106335,ford motor
866555,"Computer Programs & Systems, Inc.",003TCK-E,computer programs & systems,IQ2146380,computer programs and systems
919186,"eHealth, Inc.",0086T9-E,ehealth,IQ27933,ehealth
119087,"Cirrus Logic, Inc.",000DS3-E,cirrus logic,IQ26515,cirrus logic
1255113,"Shake Shack, Inc.",00GJ4D-E,shake shack,IQ228987805,shake shack
781189,"Saia, Inc.",06HQZB-E,saia,IQ3079228,saia
75236,"M/I Homes, Inc.",000PBR-E,mi homes,IQ328190,mi homes
291043,"BioCryst Pharmaceuticals, Inc.",000CVC-E,biocryst pharmaceuticals,IQ25594,biocryst pharmaceuticals
292869,"Sensus Healthcare, Inc.",00CNZW-E,sensus healthcare,IQ111912919,sensus healthcare
924772,"Duck Creek Technologies, Inc.",0MMPD6-E,duck creek technologies,IQ7942916,duck creek technologies
22228113,"Premier, Inc. (North Carolina)",0D9NKC-E,premier,IQ705287,premier
20924440,"Smith & Wesson Brands, Inc.",002RJK-E,smith & wesson brands,IQ414079,smith & wesson brands
1286178,"Inari Medical, Inc.",0DRK4T-E,inari medical,IQ140993984,inari medical
517282,"AudioEye, Inc.",0088DL-E,audioeye,IQ33094830,audioeye
912348,Exxon Mobil Corp.,002Q0G-E,exxon mobil,IQ406338,exxon mobil
891660,Callaway Golf Co.,000D7S-E,callaway golf,IQ25981,callaway golf
1212650,"Air Transport Services Group, Inc.",071X8W-E,air transport services group,IQ3545047,air transport services group
300370,Synchrony Financial,0DMFBQ-E,synchrony financial,IQ260334235,synchrony financial
14274,"Asure Software, Inc.",0011FM-E,asure software,IQ36427,asure software
1358186,"Navidea Biopharmaceuticals, Inc.",000R5C-E,navidea biopharmaceuticals,IQ326954,navidea biopharmaceuticals
1155008,Newtek Business Services Corp.,00308Y-E,newtek business services,,
382720,"Arrow Electronics, Inc.",000C9V-E,arrow electronics,IQ252150,arrow electronics
468841,"ICU Medical, Inc.",000LXY-E,icu medical,IQ317440,icu medical
1271407,Cognex Corp.,000DX7-E,cognex,IQ26658,cognex
563813,"Rambus, Inc.",001LXS-E,rambus,IQ33604,rambus
623259,"Iteris, Inc.",060J6T-E,iteris,IQ293414,iteris
925463,"TrueCar, Inc.",07G3RZ-E,truecar,IQ48852476,truecar
639377,"Henry Schein, Inc.",00148F-E,henry schein,IQ339447,henry schein
516698,"LendingTree, Inc.",00B740-E,lendingtree,IQ91183,lendingtree
1425861,"Constant Contact, Inc.",064NCC-E,constant contact,IQ107001,constant contact
841424,Glatfelter Corp.,000L27-E,glatfelter,IQ275400,glatfelter
134364,McGrath RentCorp,000PLY-E,mcgrath rentcorp,IQ286976,mcgrath rentcorp
586388,"Oragenics, Inc.",0043MF-E,oragenics,IQ774436,oragenics
110490,"CarMax, Inc.",003TXQ-E,carmax,IQ356805,carmax
7969203,"Wayfair, Inc.",00G8SJ-E,wayfair,IQ30663855,wayfair
22260241,"NexTier Oilfield Solutions, Inc.",0LKXD0-E,nextier oilfield solutions,IQ235432682,nextier oilfield solutions
1187789,"Skechers U.S.A., Inc.",00255B-E,skechers usa,IQ399462,skechers usa
1481519,"Energy Recovery, Inc.",009FPD-E,energy recovery,IQ42952210,energy recovery
21017277,"Lindblad Expeditions Holdings, Inc.",0FL0RD-E,lindblad expeditions,IQ4317696,lindblad expeditions
1414577,Roblox Corp.,006T63-E,roblox,IQ32789865,roblox
305293,"fuboTV, Inc.",00CG0Y-E,fubotv,IQ116393456,fubotv
666705,"Silicon Laboratories, Inc.",002RHJ-E,silicon laboratories,IQ34345,silicon laboratories
1061141,"Zoetis, Inc.",05W76S-E,zoetis,IQ215548781,zoetis
1208016,UMB Financial Corp.,000Y0T-E,umb financial,IQ310364,umb financial
6825,"Sturm, Ruger & Co., Inc.",000X19-E,sturm ruger &,IQ305647,sturm ruger &
317822,"EverQuote, Inc.",0C2M07-E,everquote,IQ182093966,everquote
239196,"Qualys, Inc.",0057L6-E,qualys,IQ125618,qualys
949784,"Microchip Technology, Inc.",000PZP-E,microchip technology,IQ31500,microchip technology incorporated
945567,Lattice Semiconductor Corp.,000P0H-E,lattice semiconductor,IQ284137,lattice semiconductor
949998,"CACI International, Inc.",000D66-E,caci international,IQ93425,caci international
973377,"Movado Group, Inc.",0016GS-E,movado group,IQ330762,movado group
1363321,"GoHealth, Inc.",0MH7VQ-E,gohealth,IQ23302409,gohealth
68833,"Innodata, Inc.",0019ZG-E,innodata,IQ330019,innodata
1096535,H.B. Fuller Co.,000KT8-E,hb fuller,IQ273981,hb fuller
789230,APA Corp.,0NG9QC-E,apa,IQ169838,apa
199925,"Mannatech, Inc.",0021N7-E,mannatech,,
584818,"Dropbox, Inc.",081V7W-E,dropbox,IQ49093148,dropbox
1015508,Nordson Corp.,000RCZ-E,nordson,IQ143614,nordson
244817,"Mercury Systems, Inc.",001VLJ-E,mercury systems,IQ376921,mercury systems
532069,Briggs & Stratton Corp.,000D1N-E,briggs & stratton,IQ256523,briggs & stratton
841220,"Vishay Precision Group, Inc.",0889LB-E,vishay precision group,IQ78966924,vishay precision group
1014538,"ORBCOMM, Inc.",0647CC-E,orbcomm,IQ896851,orbcomm
497447,Vicor Corp.,000YJQ-E,vicor,IQ311959,vicor
280930,Aramark (280930),06V4FD-E,aramark,IQ1004106,aramark
925445,Clarivate Plc,0KZ38W-E,clarivate,IQ373723538,clarivate
982203,Lincoln National Corp.,000P5T-E,lincoln national,IQ867423,lincoln national
980704,"Myriad Genetics, Inc.",001D3K-E,myriad genetics,IQ31822,myriad genetics
735371,Signet Jewelers Ltd.,07D16M-E,signet jewelers,IQ693964,signet jewelers
400257,"BorgWarner, Inc.",000CZ5-E,borgwarner,IQ25708,borgwarner
22238486,"loanDepot, Inc.",0FT73Z-E,loandepot,IQ83967523,loandepot
1353141,Dollar General Corp.,000HM8-E,dollar general,IQ266974,dollar general
1186313,"Societal CDMO, Inc.",07BKS2-E,societal cdmo,,
22237708,"Xtant Medical Holdings, Inc.",0FNZFT-E,xtant medical,IQ11129226,xtant medical
136615,"LogicMark, Inc.",00FB5H-E,logicmark,,
20928147,"PROS Holdings, Inc.",00957R-E,pros,IQ33593027,pros
209950,Ocwen Financial Corp.,0016WP-E,ocwen financial,IQ350748,ocwen financial
57610,Terex Corp.,000XNL-E,terex,IQ307982,terex
1131032,"Align Technology, Inc.",0032VQ-E,align technology,IQ24568,align technology
333684,Graham Holdings Co.,000YPP-E,graham,IQ91675,graham
20930385,Evoqua Water Technologies Corp.,00G27M-E,evoqua water technologies,IQ262017696,evoqua water technologies
516601,"Emergent BioSolutions, Inc.",0643X2-E,emergent biosolutions,IQ13627017,emergent biosolutions
765883,"First Foundation, Inc.",0B09XC-E,first foundation,IQ82388385,first foundation
293021,Carpenter Technology Corp.,000DDH-E,carpenter technology,IQ258937,carpenter technology
383532,"NextGen Healthcare, Inc.",000V6D-E,nextgen healthcare,IQ186373,nextgen healthcare
1340601,Markel Corp.,000PGJ-E,markel,IQ286393,markel
777168,"Lowe's Cos., Inc.",000P9L-E,lowes cos,,
823308,CorVel Corp.,000F9S-E,corvel,IQ273312,corvel
20928263,Ss&C LLC,009C1N-E,ss&c,,
15046,"Heron Therapeutics, Inc.",000BKB-E,heron therapeutics,IQ24366,heron therapeutics
487213,"HealthStream, Inc.",002NJ2-E,healthstream,IQ90442,healthstream
7436,"Nautilus, Inc.",05HX7T-E,nautilus,IQ399071,nautilus
512022,"Shockwave Medical, Inc.",0DKCKK-E,shockwave medical,IQ254732700,shockwave medical
169544,"Dominion Energy, Inc.",000HMG-E,dominion energy,IQ267105,dominion energy
437269,Integra LifeSciences Holdings Corp.,0011X7-E,integra lifesciences,IQ30012,integra lifesciences
240707,"CleanSpark, Inc.",00BL9Z-E,cleanspark,IQ50979342,cleanspark
1230770,Accenture Plc,00C5YS-E,accenture,IQ4224923,accenture
913473,"Bio-Rad Laboratories, Inc.",000CV4-E,bio-rad laboratories,IQ255743,bio-rad laboratories
599599,"Iridium Communications, Inc.",0858SK-E,iridium communications,IQ702261,iridium communications
233402,"Avis Budget Group, Inc.",000FFL-E,avis budget group,IQ26268,avis budget group
22150631,"Benefitfocus, Inc.",00FN6X-E,benefitfocus,IQ7664925,benefitfocus
850271,"Nephros, Inc.",0043W1-E,nephros,IQ3661033,nephros
245798,"Commvault Systems, Inc.",05TGZC-E,commvault systems,IQ26789,commvault systems
7963541,"Texas Capital Bancshares, Inc.",002XNG-E,texas capital bancshares,IQ155031,texas capital bancshares
571704,"Pinnacle Financial Partners, Inc.",002YFC-E,pinnacle financial partners,IQ527694,pinnacle financial partners
741239,"OpGen, Inc.",005ZCD-E,opgen,IQ1250448,opgen
234211,"EVERTEC, Inc.",0CP3MG-E,evertec,IQ228070761,evertec
1121881,"Pure Storage, Inc.",0B9DTB-E,pure storage,IQ111528632,pure storage
746747,"Asensus Surgical, Inc.",0DGV6L-E,asensus surgical,IQ40983088,asensus surgical
287155,"Syneos Health, Inc.",0HVK11-E,syneos health,IQ274031831,syneos health
493259,"Inogen, Inc.",005ZP1-E,inogen,IQ7701753,inogen
22142648,The Sherwin-Williams Co.,000WF5-E,the sherwin-williams,IQ303104,the sherwin-williams
513460,Procter & Gamble Co.,000TRY-E,procter & gamble,IQ33328,the procter & gamble
1315467,"Prudential Financial, Inc.",00371D-E,prudential financial,IQ1038328,prudential financial
1122234,Bristol Myers Squibb Co.,000D1R-E,bristol myers squibb,IQ25798,bristol-myers squibb
1084896,Stratasys Ltd.,0CWG9C-E,stratasys,IQ34839,stratasys
856372,F.N.B. Corp. (Pennsylvania),000KM3-E,fnb,IQ205131,fnb
22145277,Magellan Midstream Partners LP,0032HQ-E,magellan midstream partners lp,IQ956269,magellan midstream partners lp
290866,"Blackbaud, Inc.",005JC3-E,blackbaud,IQ97706,blackbaud
454021,"ThermoGenesis Holdings, Inc.",000Z9G-E,thermogenesis,IQ35517,thermogenesis
1244001,"Equifax, Inc.",000J81-E,equifax,IQ175749,equifax
22143408,"Universal Insurance Holdings, Inc.",0018XB-E,universal insurance,IQ323883,universal insurance
955056,Six Flags Entertainment Corp.,09R3D9-E,six flags entertainment,IQ435998,six flags entertainment
104010,Freelancer Ltd.,0011MT-E,freelancer,,
421002,"Gartner, Inc.",00118W-E,gartner,IQ130705,gartner
806964,"Avid Bioservices, Inc.",000XKZ-E,avid bioservices,IQ189510,avid bioservices
790988,Travelzoo Inc.,0034V8-E,travelzoo,IQ2929220,travelzoo
574218,"HomeStreet, Inc.",064Q58-E,homestreet,IQ131856421,homestreet
366870,"Ecolab, Inc.",000HXM-E,ecolab,IQ268799,ecolab
491397,"XPO Logistics, Inc.",06GPGV-E,xpo logistics,IQ3181355,xpo logistics
1047983,"Caterpillar, Inc.",000DFY-E,caterpillar,IQ259378,caterpillar
1101646,SiTime Corp.,06HLXP-E,sitime,IQ23813923,sitime
22148838,"Allison Transmission Holdings, Inc.",009L9L-E,allison transmission,IQ13529856,allison transmission
1041579,Turtle Beach Corp.,00CNHS-E,turtle beach,IQ851282,turtle beach
21040896,"Virgin Galactic Holdings, Inc.",0LKLS8-E,virgin galactic,IQ25116311,virgin galactic
1349806,"Vail Resorts, Inc.",0018DX-E,vail resorts,IQ36122,vail resorts
1104462,"Mastech Digital, Inc.",00B8Z7-E,mastech digital,IQ45821899,mastech digital
20929792,"U.S. Silica Holdings, Inc.",00DC0M-E,us silica,IQ137649125,us silica
247201,The Toro Co.,000XSP-E,the toro,IQ190268,the toro
350953,Microsoft Corp.,000Q07-E,microsoft,IQ21835,microsoft
1185745,"Signature Bank (New York, New York)",05WQZB-E,signature bank,IQ46047879,signature bank
452508,"MGP Ingredients, Inc.",0C9SZX-E,mgp ingredients,IQ288133,mgp ingredients
22239340,"Senseonics Holdings, Inc.",0FYZXV-E,senseonics,IQ34205,senseonics
1037268,"Ambarella, Inc.",0068TJ-E,ambarella,IQ22816801,ambarella
392647,Primo Water Corp.,000F9Z-E,primo water,IQ27111,primo water
22144498,"Domino's Pizza, Inc.",002F57-E,dominos pizza,IQ3132512,dominos pizza
759114,"Mission Produce, Inc.",07CMGS-E,mission produce,IQ153986005,mission produce
241592,Nevro Corp.,06THXX-E,nevro,IQ30485592,nevro
22144872,"Alaska Communications Systems Group, Inc.",002P04-E,alaska communications systems group,IQ413831,alaska communications systems group
187339,"American Eagle Outfitters, Inc.",0013HM-E,american eagle outfitters,IQ332273,american eagle outfitters
399505,"Cardlytics, Inc.",07NK44-E,cardlytics,IQ61344787,cardlytics
964036,"XPEL, Inc.",006494-E,xpel,IQ10945567,xpel
22142569,"The PNC Financial Services Group, Inc.",000TJ9-E,the pnc financial services group,IQ294585,the pnc financial services group
587582,"Envestnet, Inc.",09YDML-E,envestnet,IQ100058833,envestnet
546509,IDEX Corp.,000LY4-E,idex,IQ29728,idex
280940,WidePoint Corp.,001Q4H-E,widepoint,IQ383873,widepoint
494864,Playa Hotels & Resorts NV,0GQHX8-E,playa hotels & resorts nv,IQ243462075,playa hotels & resorts nv
771654,"TELA Bio, Inc.",00F7CN-E,tela bio,IQ225019977,tela bio
1133445,"Walgreens Boots Alliance, Inc.",0DVRCL-E,walgreens boots alliance,IQ93624,walgreens boots alliance
1270063,"Motorola Solutions, Inc.",0BC4VB-E,motorola solutions,IQ99186,motorola solutions
650332,"Impinj, Inc.",0635TB-E,impinj,IQ427445,impinj
1129530,"Yield10 Bioscience, Inc.",005RFL-E,yield10 bioscience,IQ4282854,yield10 bioscience
679645,Kopin Corp.,0014MK-E,kopin,IQ30594,kopin
642378,Lennar Corp.,001W7N-E,lennar,IQ30763,lennar
